"期間","上市股票-公司家數-原始值","上市股票-公司家數-年增率","上市股票-總面額-原始值","上市股票-總面額-年增率","上市股票-總市值-原始值","上市股票-總市值-年增率","上市股票-總成交值-原始值","上市股票-總成交值-年增率","上市股票-日平均成交值-原始值","上市股票-日平均成交值-年增率","加權平均股價指數-原始值","加權平均股價指數-年增率"
"1987M05","130","-","242530","-","985607","-","203081","-","-","-","1814.28","-"
"1987M06","130","-","242530","-","859605","-","134731","-","-","-","1735.67","-"
"1987M07","131","-","243578","-","995097","-","180050","-","-","-","1858.05","-"
"1987M08","132","-","245733","-","1438304","-","315835","-","-","-","2451.50","-"
"1987M09","133","-","265586","-","2348720","-","511592","-","-","-","3567.25","-"
"1987M10","136","-","275216","-","1493811","-","317985","-","-","-","3590.11","-"
"1987M11","138","-","278601","-","1643931","-","238461","-","-","-","2713.66","-"
"1987M12","141","-","287346","-","1386065","-","219757","-","-","-","2648.33","-"
"1988M01","141","-","287832","-","1641233","-","262226","-","-","-","2610.83","-"
"1988M02","141","-","289040","-","2036574","-","296747","-","-","-","3206.85","-"
"1988M03","141","-","289724","-","1953635","-","376506","-","-","-","3345.91","-"
"1988M04","140","-","289198","-","2384794","-","488356","-","-","-","3767.78","-"
"1988M05","140","7.69231","289205","19.24504","2515744","155.24819","637538","213.93286","-","-","4441.56","144.81116"
"1988M06","140","7.69231","291004","19.98681","2666469","210.19701","680322","404.94838","-","-","4951.33","185.26909"
"1988M07","143","9.16031","293760","20.60202","3170406","218.60271","597264","231.72119","-","-","5422.07","191.81507"
"1988M08","144","9.09091","299032","21.68980","3904527","171.46744","1015561","221.54796","-","-","7352.13","199.90332"
"1988M09","145","9.02256","307090","15.62733","4535309","93.09705","1060782","107.34922","-","-","8039.07","125.35763"
"1988M10","148","8.82353","316152","14.87414","3502892","134.49365","298159","-6.23489","-","-","6580.92","83.30692"
"1988M11","150","8.69565","325234","16.73827","3983759","142.33128","1389970","482.89196","-","-","6851.97","152.49921"
"1988M12","163","15.60284","343579","19.56979","3383280","144.09245","764592","247.92612","-","-","5856.62","121.14389"
"1989M01","163","15.60284","347034","20.56825","3848171","134.46829","594328","126.64724","-","-","5716.92","118.96945"
"1989M02","163","15.60284","350878","21.39427","4442402","118.13114","713401","140.40715","-","-","6679.85","108.29942"
"1989M03","164","16.31206","353121","21.88186","4383523","124.37779","1533262","307.23441","-","-","7318.04","118.71598"
"1989M04","164","17.14286","353978","22.39988","4716688","97.78178","1870653","283.05109","-","-","7785.28","106.62778"
"1989M05","165","17.85714","360606","24.68872","6071698","141.34801","2765480","333.77493","-","-","8795.43","98.02569"
"1989M06","165","17.85714","361056","24.07252","5506857","106.52245","2113351","210.63981","-","-","9497.42","91.81553"
"1989M07","166","16.08392","363804","23.84395","5670673","78.86268","1708991","186.13662","-","-","8619.62","58.97286"
"1989M08","167","15.97222","369279","23.49147","5834388","49.42624","3298868","224.83209","-","-","9731.62","32.36463"
"1989M09","167","15.17241","379476","23.57159","6216084","37.05977","2871012","170.65052","-","-","10402.75","29.40241"
"1989M10","172","16.21622","396345","25.36533","6559683","87.26478","2686544","801.04407","-","-","10066.97","52.97208"
"1989M11","176","17.33333","409435","25.88936","6018524","51.07651","3059288","120.09741","-","-","10121.37","47.71474"
"1989M12","181","11.04294","421300","22.62100","6174164","82.49048","2192785","186.79152","-","-","8658.43","47.84005"
"1990M01","184","12.88344","430671","24.10052","7712148","100.41074","2259699","280.21076","-","-","10677.57","86.77137"
"1990M02","184","12.88344","434425","23.81084","7577226","70.56597","3191567","347.37350","-","-","11983.46","79.39714"
"1990M03","184","12.19512","438770","24.25486","7013685","60.00110","2667456","73.97262","-","-","11223.10","53.36210"
"1990M04","185","12.80488","441567","24.74419","6033251","27.91287","2052297","9.71019","-","-","9741.52","25.12742"
"1990M05","186","12.72727","444866","23.36622","4698105","-22.62288","1796304","-35.04549","-","-","7848.01","-10.77173"
"1990M06","188","13.93939","451119","24.94433","3263260","-40.74188","1416651","-32.96660","-","-","6157.25","-35.16924"
"1990M07","189","13.85542","454492","24.92771","3580246","-36.86383","1307205","-23.51013","-","-","5037.66","-41.55589"
"1990M08","193","15.56886","462369","25.20858","2332031","-60.02955","917173","-72.19734","-","-","4119.74","-57.66645"
"1990M09","193","15.56886","473880","24.87746","1740877","-71.99399","421818","-85.30769","-","-","3237.57","-68.87775"
"1990M10","192","11.62791","480534","21.24134","2126663","-67.57979","579045","-78.44647","-","-","2912.16","-71.07213"
"1990M11","193","9.65909","490089","19.69885","2752594","-54.26463","1302172","-57.43546","-","-","3966.22","-60.81341"
"1990M12","199","9.94475","506425","20.20532","2681911","-56.56236","1119895","-48.92819","-","-","4399.58","-49.18732"
"1991M01","200","8.69565","515406","19.67511","2497181","-67.62016","829310","-63.29998","-","-","3938.06","-63.11839"
"1991M02","203","10.32609","521843","20.12269","3152067","-58.40078","976446","-69.40544","-","-","4643.07","-61.25435"
"1991M03","204","10.86957","531343","21.09830","3339103","-52.39160","1104381","-58.59797","-","-","4781.39","-57.39689"
"1991M04","205","10.81081","541641","22.66338","4030916","-33.18833","1578710","-23.07595","-","-","5605.66","-42.45600"
"1991M05","205","10.21505","544022","22.28896","3805427","-19.00081","1537699","-14.39651","-","-","5993.00","-23.63669"
"1991M06","208","10.63830","546291","21.09687","3921951","20.18506","827120","-41.61441","-","-","5869.78","-4.66881"
"1991M07","209","10.58201","557262","22.61206","3490570","-2.50474","551881","-57.78160","-","-","5259.56","4.40482"
"1991M08","213","10.36269","561468","21.43288","3035383","30.16049","591284","-35.53190","-","-","4779.64","16.01800"
"1991M09","212","9.84456","566397","19.52330","3239840","86.10390","415289","-1.54782","-","-","4669.08","44.21557"
"1991M10","215","11.97917","582094","21.13482","2901075","36.41442","334958","-42.15337","-","-","4541.45","55.94782"
"1991M11","220","13.98964","592434","20.88294","2900938","5.38924","505581","-61.17402","-","-","4448.69","12.16448"
"1991M12","221","11.05528","616707","21.77657","3184028","18.72236","430079","-61.59649","-","-","4438.66","0.88827"
"1992M01","223","11.50000","628344","21.91243","3853335","54.30740","1012565","22.09729","-","-","5023.19","27.55494"
"1992M02","228","12.31527","637410","22.14593","3728763","18.29580","701458","-28.16213","-","-","5031.01","8.35525"
"1992M03","230","12.74510","646264","21.62840","3529542","5.70330","566714","-48.68492","-","-","4908.19","2.65195"
"1992M04","233","13.65854","661601","22.14751","3276554","-18.71441","367735","-76.70661","-","-","4529.40","-19.19952"
"1992M05","237","15.60976","668974","22.96819","3310759","-12.99901","535096","-65.20151","-","-","4476.85","-25.29868"
"1992M06","239","14.90385","671785","22.97201","3311300","-15.57008","758155","-8.33797","-","-","4588.46","-21.82910"
"1992M07","240","14.83254","674314","21.00484","2961026","-15.17070","530314","-3.90791","-","-","4234.61","-19.48737"
"1992M08","242","13.61502","685008","22.00303","2851607","-6.05446","427631","-27.67756","-","-","3918.12","-18.02479"
"1992M09","245","15.56604","695737","22.83557","2552750","-21.20753","323640","-22.06873","-","-","3632.69","-22.19688"
"1992M10","250","16.27907","712956","22.48125","2675369","-7.78008","329071","-1.75753","-","-","3666.43","-19.26741"
"1992M11","252","14.54545","724781","22.33953","2727260","-5.98696","169353","-66.50329","-","-","3615.86","-18.72079"
"1992M12","256","15.83710","735569","19.27366","2545508","-20.05384","195347","-54.57881","-","-","3633.84","-18.13205"
"1993M01","257","15.24664","749446","19.27320","2585471","-32.90303","168070","-83.40156","-","-","3274.30","-34.81632"
"1993M02","260","14.03509","763248","19.74208","3441286","-7.70971","851217","21.34967","-","-","3845.05","-23.57300"
"1993M03","261","13.47826","771121","19.31981","3838413","8.75102","1628374","187.33612","-","-","4597.58","-6.32840"
"1993M04","264","13.30472","774328","17.03852","3636969","10.99982","1034129","181.21582","-","-","4655.46","2.78315"
"1993M05","271","14.34599","781937","16.88601","3426233","3.48784","676019","26.33602","-","-","4450.42","-0.59037"
"1993M06","271","13.38912","786846","17.12765","3185945","-3.78567","384300","-49.31116","-","-","4196.41","-8.54426"
"1993M07","271","12.91667","791044","17.31093","3107487","4.94629","384053","-27.58008","-","-","3990.84","-5.75661"
"1993M08","273","12.80992","796276","16.24331","2924313","2.54965","378162","-11.56815","-","-","4032.65","2.92309"
"1993M09","275","12.24490","814727","17.10273","2928511","14.71985","316720","-2.13818","-","-","3862.09","6.31488"
"1993M10","280","12.00000","842767","18.20743","3291812","23.04142","521514","58.48069","-","-","3970.51","8.29363"
"1993M11","281","11.50794","859617","18.60369","3522745","29.16792","753296","344.80818","-","-","4251.80","17.58752"
"1993M12","285","11.32813","890513","21.06451","5145410","102.13686","1960862","903.78404","-","-","5089.20","40.05019"
"1994M01","287","11.67315","900307","20.12967","5206885","101.39019","2032067","1109.05992","92367","-","6057.62","85.00504"
"1994M02","288","10.76923","902324","18.22160","4601220","33.70641","1099803","29.20360","61100","-","5911.42","53.74104"
"1994M03","291","11.49425","911129","18.15642","4492914","17.05134","1155783","-29.02226","44453","-","5375.18","16.91325"
"1994M04","294","11.36364","917368","18.47279","4768850","31.12155","1374167","32.88158","57257","-","5638.35","21.11263"
"1994M05","293","8.11808","919596","17.60487","4886502","42.62025","1427742","111.19850","54913","-","5921.86","33.06295"
"1994M06","292","7.74908","932106","18.46105","5075940","59.32290","1353394","252.17122","56391","-","6001.12","43.00605"
"1994M07","293","8.11808","941115","18.97126","5538864","78.24255","2123907","453.02445","88496","-","6406.40","60.52761"
"1994M08","293","7.32601","946147","18.82149","5546316","89.66219","2327197","515.39684","89508","-","6804.23","68.72850"
"1994M09","295","7.27273","977275","19.95122","5842283","99.49671","1471110","364.48282","63961","-","6973.92","80.57373"
"1994M10","306","9.28571","1021791","21.24241","5685295","72.71020","1555412","198.24933","67627","-","6701.06","68.77076"
"1994M11","311","10.67616","1059687","23.27432","5716002","62.25989","850237","12.86891","34009","-","6372.64","49.88099"
"1994M12","313","9.82456","1071103","20.27932","6504368","26.41107","2041293","4.10182","81652","-","6843.97","34.48027"
"1995M01","318","10.80139","1089093","20.96907","5832033","12.00618","1006953","-50.44686","52998","-42.62237","6586.36","8.72851"
"1995M02","321","11.45833","1094506","21.29856","6021780","30.87355","1028880","-6.44870","48900","-19.96727","6546.57","10.74446"
"1995M03","323","10.99656","1105342","21.31564","6093409","35.62265","964042","-16.58971","37079","-16.58831","6485.45","20.65549"
"1995M04","328","11.56463","1115643","21.61346","5312202","11.39377","866572","-36.93838","39390","-31.20492","6188.97","9.76562"
"1995M05","329","12.28669","1120791","21.87863","5161082","5.61915","841060","-41.09160","31150","-43.27391","5709.61","-3.58418"
"1995M06","329","12.67123","1125589","20.75762","4825229","-4.93920","766223","-43.38507","31926","-43.38458","5510.12","-8.18181"
"1995M07","330","12.62799","1163125","23.59010","4559856","-17.67525","859915","-59.51259","34397","-61.13158","5343.43","-16.59231"
"1995M08","331","12.96928","1178858","24.59565","4192308","-24.41275","798785","-65.67609","29585","-66.94709","4794.88","-29.53089"
"1995M09","331","12.20339","1246687","27.56768","4632410","-20.70891","874570","-40.55033","38025","-40.54971","5019.12","-28.03015"
"1995M10","337","10.13072","1296673","26.90198","4681372","-17.65824","644545","-58.56114","28024","-58.56093","5041.51","-24.76548"
"1995M11","342","9.96785","1313175","23.92103","4683425","-18.06467","482512","-43.24971","19300","-43.25032","4701.58","-26.22241"
"1995M12","347","10.86262","1324572","23.66430","5108437","-21.46144","1017141","-50.17173","42381","-48.09558","4988.83","-27.10620"
"1996M01","350","10.06289","1335822","22.65454","4750964","-18.53674","650238","-35.42519","27093","-48.87920","4942.99","-24.95111"
"1996M02","352","9.65732","1338323","22.27644","4800366","-20.28327","297056","-71.12822","15635","-68.02658","4790.21","-26.82871"
"1996M03","356","10.21672","1358699","22.92114","5059709","-16.96423","660758","-31.45963","28729","-22.51949","4897.05","-24.49175"
"1996M04","360","9.75610","1351663","21.15551","6172086","16.18696","1979099","128.38252","82462","109.34755","5846.37","-5.53565"
"1996M05","362","10.03040","1356800","21.05736","5810643","12.58575","1261011","49.93116","46704","49.93258","5986.38","4.84744"
"1996M06","362","10.03040","1380919","22.68412","6408796","32.81848","1342114","75.15971","55921","75.15818","6264.34","13.68791"
"1996M07","364","10.30303","1425951","22.59654","5903295","29.46231","949365","10.40219","37975","10.40207","6205.34","16.13028"
"1996M08","364","9.96979","1453410","23.28966","6086336","45.17865","938701","17.51610","36104","22.03481","6234.74","30.02911"
"1996M09","367","10.87613","1508580","21.00712","6459697","39.44571","950896","8.72726","41343","8.72584","6429.08","28.09178"
"1996M10","371","10.08902","1554140","19.85597","6601175","41.00941","987247","53.16960","42924","53.16871","6525.70","29.43939"
"1996M11","375","9.64912","1595476","21.49759","7259158","54.99678","1628336","237.47057","65133","237.47668","6690.71","42.30769"
"1996M12","382","10.08646","1629381","23.01189","7528851","47.38072","1262741","24.14611","50510","19.18076","6881.57","37.93956"
"1997M01","386","10.28571","1648240","23.38770","7997263","68.32927","1865920","186.95954","77747","186.96342","7135.16","44.34907"
"1997M02","387","9.94318","1659191","23.97538","8703691","81.31307","2305608","676.15264","128089","719.24528","7642.26","59.53914"
"1997M03","387","8.70787","1666145","22.62797","8845012","74.81266","3555460","438.08807","142218","395.03289","8166.46","66.76285"
"1997M04","389","8.05556","1673019","23.77486","9156282","48.34988","3599059","81.85341","149961","81.85467","8505.78","45.48823"
"1997M05","391","8.01105","1710100","26.03921","8723807","50.13497","2408399","90.98953","92631","98.33633","8146.61","36.08575"
"1997M06","391","8.01105","1726192","25.00313","9326965","45.53381","3756763","179.91385","156532","179.91631","8604.60","37.35844"
"1997M07","393","7.96703","1782041","24.97211","10114689","71.33972","5127168","440.06288","197199","419.28637","9553.26","53.95224"
"1997M08","396","8.79121","1817874","25.07648","9953485","63.53821","3900531","315.52433","162522","350.14957","9890.34","58.63276"
"1997M09","396","7.90191","1899126","25.88832","9337647","44.55240","2559676","169.18569","106653","157.97112","9111.67","41.72588"
"1997M10","400","7.81671","1941853","24.94711","8066581","22.19917","2432660","146.40845","105768","146.40760","7983.28","22.33599"
"1997M11","402","7.20000","1997339","25.18766","8823294","21.54707","2443978","50.09052","111090","70.55870","7731.90","15.56173"
"1997M12","404","5.75916","2066324","26.81650","9696113","28.78609","3285926","160.22169","126382","150.21184","8147.84","18.40089"
"1998M01","405","4.92228","2103402","27.61503","9699670","21.28737","1453174","-22.12024","90823","16.81866","7849.77","10.01533"
"1998M02","405","4.65116","2155862","29.93453","11097464","27.50296","4526848","96.34075","205766","60.64299","8807.57","15.24824"
"1998M03","408","5.42636","2151750","29.14542","11037215","24.78462","3647688","2.59398","151987","6.86903","8976.49","9.91899"
"1998M04","411","5.65553","2160046","29.11067","10067556","9.95245","2879608","-19.98998","125200","-16.51163","8785.11","3.28400"
"1998M05","412","5.37084","2170468","26.92053","9441001","8.22111","2172185","-9.80793","98736","6.59067","8226.35","0.97881"
"1998M06","416","6.39386","2238725","29.69154","8468495","-9.20417","2639282","-29.74585","109970","-29.74599","7540.08","-12.37152"
"1998M07","416","5.85242","2311297","29.69943","8617548","-14.80165","2594260","-49.40170","108094","-45.18532","7874.10","-17.57683"
"1998M08","419","5.80808","2439057","34.17085","7811208","-21.52288","1792767","-54.03787","74699","-54.03761","7218.46","-27.01505"
"1998M09","421","6.31313","2535074","33.48635","8451568","-9.48932","2043773","-20.15501","85157","-20.15508","6832.38","-25.01506"
"1998M10","428","7.00000","2651145","36.52655","9237623","14.51720","1889376","-22.33292","82147","-22.33284","6886.22","-13.74197"
"1998M11","431","7.21393","2668126","33.58403","9255870","4.90266","2411960","-1.31008","109635","-1.30975","7108.83","-8.05843"
"1998M12","437","8.16832","2689504","30.15887","8377035","-13.60419","1568048","-52.27987","68176","-46.05561","6832.09","-16.14845"
"1999M01","445","9.87654","2730563","29.81651","8129539","-16.18747","1408876","-3.04836","67089","-26.13215","6255.89","-20.30480"
"1999M02","447","10.37037","2774263","28.68463","8451968","-23.83874","985525","-78.22933","65702","-68.06955","5920.05","-32.78453"
"1999M03","451","10.53922","2763958","28.45163","9305675","-15.68820","2390317","-34.47035","95612","-37.09199","6677.49","-25.61135"
"1999M04","450","9.48905","2772377","28.34805","10050753","-0.16690","2915816","1.25739","126775","1.25799","7389.86","-15.88199"
"1999M05","454","10.19417","2781025","28.13020","9956849","5.46391","2661043","22.50536","115698","17.17914","7504.58","-8.77388"
"1999M06","455","9.37500","2789896","24.61986","10714072","26.51684","3749378","42.06053","170426","54.97499","8055.32","6.83335"
"1999M07","454","9.13462","2799156","21.10759","8754916","1.59405","2929708","12.93039","122071","12.93041","7915.84","0.53009"
"1999M08","454","8.35322","2877417","17.97252","10515431","34.61978","2752030","53.50740","114668","53.50674","7655.87","6.05960"
"1999M09","456","8.31354","2967572","17.06057","10212520","20.83580","2123920","3.92152","106196","24.70613","7977.15","16.75507"
"1999M10","458","7.00935","3020846","13.94496","10755400","16.43038","2053563","8.69001","85565","4.16083","7696.52","11.76698"
"1999M11","461","6.96056","3054279","14.47282","10724786","15.87010","2414431","0.10245","104975","-4.25047","7669.57","7.88794"
"1999M12","462","5.72082","3054000","13.55254","11787331","40.71006","2906918","85.38450","132133","93.81161","7918.93","15.90787"
"2000M01","464","4.26966","3084407","12.95865","13985506","72.03320","4518181","220.69401","205372","206.11874","9228.57","47.51810"
"2000M02","463","3.57942","3083102","11.13229","13550708","60.32607","3148716","219.49631","196795","199.52665","9891.21","67.07984"
"2000M03","470","4.21286","3099002","12.12189","14223300","52.84544","4252362","77.89950","177182","85.31356","9337.92","39.84177"
"2000M04","471","4.66667","3106043","12.03538","12649861","25.85983","4050774","38.92420","184126","45.23841","9368.90","26.78048"
"2000M05","472","3.96476","3109489","11.81090","12270457","23.23635","2539994","-4.54893","105833","-8.52651","8672.36","15.56090"
"2000M06","472","3.73626","3161674","13.32587","11422784","6.61478","2126382","-43.28707","92451","-45.75300","8752.65","8.65676"
"2000M07","472","3.96476","3203999","14.46304","11150489","27.36260","1768521","-39.63491","76892","-37.01043","8213.35","3.75841"
"2000M08","471","3.74449","3274809","13.81072","10751267","2.24276","1762282","-35.96429","73428","-35.96470","7942.79","3.74771"
"2000M09","525","15.13158","3418602","15.19862","9251929","-9.40601","1908830","-10.12703","82993","-21.84922","7069.47","-11.37850"
"2000M10","529","15.50218","3612293","19.57885","9468170","-11.96822","1634883","-20.38798","71082","-16.92631","5837.25","-24.15728"
"2000M11","530","14.96746","3620973","18.55410","9057209","-15.54881","1860167","-22.95630","77507","-26.16623","5525.00","-27.96206"
"2000M12","531","14.93506","3630045","18.86198","8191474","-30.50612","955476","-67.13096","41542","-68.56047","5071.50","-35.95726"
"2001M01","529","14.00862","3617793","17.29298","10258513","-26.64897","1812336","-59.88793","113271","-44.84594","5440.06","-41.05197"
"2001M02","528","14.03888","3618346","17.36057","9816502","-27.55728","2293139","-27.17225","120692","-38.67121","5875.69","-40.59685"
"2001M03","530","12.76596","3619579","16.79821","10048287","-29.35334","2200637","-48.24907","100029","-43.54449","5702.82","-38.92837"
"2001M04","533","13.16348","3618329","16.49320","9493683","-24.95030","1426869","-64.77540","71343","-61.25316","5491.28","-41.38821"
"2001M05","538","13.98305","3611998","16.16050","8674440","-29.30630","1120189","-55.89797","50918","-51.88835","5157.19","-40.53303"
"2001M06","539","14.19492","3636324","15.01262","7959978","-30.31490","946597","-55.48321","47330","-48.80531","5049.05","-42.31404"
"2001M07","539","14.19492","3709314","15.77138","7189444","-35.52351","885424","-49.93421","42163","-45.16595","4452.49","-45.78960"
"2001M08","538","14.22505","3799851","16.03275","7677978","-28.58537","1160036","-34.17421","50436","-31.31231","4495.41","-43.40263"
"2001M09","587","11.80952","3991555","16.75986","6503221","-29.70957","654575","-65.70805","38504","-53.60573","3949.18","-44.13754"
"2001M10","587","10.96408","4033539","11.66146","7055019","-25.48698","986744","-39.64437","46988","-33.89606","3782.45","-35.20151"
"2001M11","585","10.37736","4038092","11.51953","8106287","-10.49906","1857508","-0.14294","84432","8.93468","4317.99","-21.84633"
"2001M12","584","9.98117","4062775","11.92079","10247599","25.10079","3010881","215.11843","143375","245.13264","5264.16","3.79888"
"2002M01","587","10.96408","4063348","12.31566","10892801","6.18304","3337920","84.17777","151724","33.94779","5737.00","5.45840"
"2002M02","591","11.93182","4066217","12.37778","10582999","7.80825","1222272","-46.69874","101856","-15.60667","5747.76","-2.17728"
"2002M03","595","12.26415","4050424","11.90318","11584560","15.28890","2772202","25.97271","132010","31.97173","6057.68","6.22254"
"2002M04","593","11.25704","4041874","11.70554","11409823","20.18332","2461936","72.54114","117235","64.32586","6258.54","13.97233"
"2002M05","593","10.22305","4057912","12.34536","10699983","23.35071","1666380","48.75883","75745","48.75879","5708.80","10.69594"
"2002M06","593","10.01855","4060275","11.65878","9529134","19.71307","1327307","40.21880","66365","40.21762","5429.04","7.52597"
"2002M07","595","10.38961","4089998","10.26292","9052555","25.91454","1581684","78.63577","68769","63.10272","5146.00","15.57578"
"2002M08","631","17.28625","4266318","12.27593","9206092","19.90256","1357766","17.04516","61717","22.36696","4841.69","7.70297"
"2002M09","636","8.34753","4338873","8.70132","8232312","26.58822","1026598","56.83428","51330","33.31082","4461.69","12.97763"
"2002M10","643","9.54003","4398245","9.04184","9187928","30.23251","1670499","69.29406","75932","61.59871","4271.87","12.93923"
"2002M11","637","8.88889","4400075","8.96421","9393675","15.88135","1878515","1.13092","89453","5.94680","4675.60","8.28186"
"2002M12","638","9.24658","4409697","8.53904","9094936","-11.24813","1570873","-47.82680","71403","-50.19843","4621.36","-12.21088"
"2003M01","637","8.51789","4390964","8.06271","10247852","-5.92087","2102160","-37.02186","110640","-27.07812","4890.00","-14.76381"
"2003M02","637","7.78342","4384525","7.82811","9066135","-14.33303","963644","-21.15961","60228","-40.86946","4585.72","-20.21727"
"2003M03","639","7.39496","4386150","8.28866","8842471","-23.67020","954541","-65.56741","45454","-65.56776","4449.20","-26.55274"
"2003M04","640","7.92580","4371744","8.16131","8492321","-25.57009","1180126","-52.06512","53642","-54.24404","4449.61","-28.90339"
"2003M05","639","7.75717","4377481","7.87521","9319743","-12.89946","985831","-40.83996","46944","-38.02363","4319.44","-24.33716"
"2003M06","638","7.58853","4366927","7.55249","9935601","4.26552","2018128","52.04681","100906","52.04701","4869.95","-10.29814"
"2003M07","639","7.39496","4403203","7.65783","10654835","17.69975","2940538","85.91185","127849","85.91080","5287.12","2.74232"
"2003M08","660","4.59588","4485273","5.13218","11305593","22.80556","2084876","53.55194","99280","60.86330","5446.94","12.50080"
"2003M09","663","4.24528","4530871","4.42507","11455464","39.15245","1725712","68.10007","82177","60.09546","5679.80","27.30154"
"2003M10","667","3.73250","4603148","4.65874","12662576","37.81754","2273857","36.11843","103357","36.11784","5939.88","39.04637"
"2003M11","666","4.55259","4614703","4.87783","12148004","29.32110","1676394","-10.75962","83820","-6.29716","5951.52","27.28890"
"2003M12","669","4.85893","4705054","6.69790","12869101","41.49743","1427430","-9.13142","62062","-13.08208","5853.30","26.65752"
"2004M01","670","5.18053","4701985","7.08321","13910346","35.73914","1826601","-13.10837","121773","10.06236","6236.42","27.53415"
"2004M02","670","5.18053","4715826","7.55614","14759641","62.79970","3177051","229.69136","158853","163.75274","6514.45","42.05948"
"2004M03","671","5.00782","4717195","7.54751","14283424","61.53204","3717785","289.48406","161643","255.61887","6658.08","49.64668"
"2004M04","668","4.37500","4695224","7.39934","13426531","58.10202","3151976","167.08809","143272","167.08922","6666.20","49.81538"
"2004M05","672","5.16432","4693713","7.22406","13129199","40.87512","1852712","87.93404","88224","87.93456","5911.68","36.86219"
"2004M06","672","5.32915","4709073","7.83494","12641143","27.23078","1457107","-27.79908","69386","-31.23699","5758.18","18.23900"
"2004M07","676","5.79030","4780845","8.57653","11766122","10.42988","1165112","-60.37759","52960","-58.57613","5553.57","5.03961"
"2004M08","678","2.72727","4835270","7.80325","12439417","10.02888","1241157","-40.46855","62058","-37.49194","5497.72","0.93227"
"2004M09","686","3.46908","4935670","8.93424","12866892","12.32100","1730814","0.29565","82420","0.29570","5865.56","3.27054"
"2004M10","686","2.84858","4989316","8.38922","12709699","0.37214","1637218","-27.99820","81861","-20.79782","5885.47","-0.91601"
"2004M11","695","4.35435","5026589","8.92551","13281162","9.32794","1527767","-8.86588","69444","-17.15104","5885.48","-1.10963"
"2004M12","697","4.18535","5031317","6.93431","13989100","8.70301","1390067","-2.61750","60438","-2.61674","5967.39","1.94916"
"2005M01","699","4.32836","5024081","6.85021","13733071","-1.27441","1155123","-36.76107","55006","-54.82907","5917.56","-5.11287"
"2005M02","700","4.47761","5030262","6.66768","14252771","-3.43416","1119161","-64.77359","86089","-45.80587","6100.64","-6.35219"
"2005M03","700","4.32191","5039695","6.83669","13806613","-3.33821","1677535","-54.87811","72936","-54.87834","6103.94","-8.32282"
"2005M04","700","4.79042","5051443","7.58684","13402022","-0.18254","1192195","-62.17627","59610","-58.39382","5876.11","-11.85218"
"2005M05","700","4.16667","5038909","7.35443","13871565","5.65431","1309171","-29.33759","62341","-29.33782","5930.40","0.31666"
"2005M06","698","3.86905","5057670","7.40267","14455312","14.35131","1822192","25.05547","82827","19.37134","6221.29","8.04265"
"2005M07","695","2.81065","5078678","6.22971","14663541","24.62510","1885300","61.81277","94265","77.99282","6334.58","14.06321"
"2005M08","697","2.80236","5191584","7.36906","14205764","14.19960","1726635","39.11495","78483","26.46718","6243.56","13.56635"
"2005M09","696","1.45773","5288792","7.15449","14441797","12.23998","1368790","-20.91640","65180","-20.91725","6066.80","3.43087"
"2005M10","693","1.02041","5348793","7.20494","13685138","7.67476","1415499","-13.54242","70775","-13.54247","5879.88","-0.09498"
"2005M11","691","-0.57554","5379514","7.02116","14763600","11.16196","1721978","12.71208","78272","12.71240","6024.75","2.36633"
"2005M12","691","-0.86083","5389949","7.12799","15633858","11.75743","2425322","74.47519","110242","82.40511","6377.19","6.86732"
"2006M01","691","-1.14449","5387211","7.22779","15610372","13.66993","2163522","87.29798","120196","118.51434","6609.32","11.68995"
"2006M02","691","-1.28571","5379188","6.93654","15700546","10.15785","1575563","40.78073","92680","7.65603","6614.03","8.41535"
"2006M03","691","-1.28571","5410186","7.35146","15916497","15.28169","2066215","23.16971","89835","23.16963","6500.62","6.49875"
"2006M04","693","-1.00000","5412265","7.14295","17482918","30.44985","2333825","95.75866","122833","106.06106","6941.09","18.12389"
"2006M05","691","-1.28571","5381694","6.80276","16741868","20.69199","2771202","111.67609","131962","111.67771","7123.00","20.10994"
"2006M06","689","-1.28940","5372627","6.22731","16389163","13.37813","1977930","8.54674","89906","8.54673","6547.77","5.24779"
"2006M07","687","-1.15108","5387682","6.08434","15789529","7.67883","1470873","-21.98202","70042","-25.69671","6504.24","2.67831"
"2006M08","687","-1.43472","5409170","4.19113","16198355","14.02664","1701625","-1.44848","73984","-5.73245","6551.76","4.93629"
"2006M09","687","-1.29310","5475589","3.53194","16863262","16.76706","1561694","14.09303","74366","14.09328","6781.58","11.78183"
"2006M10","688","-0.72150","5486605","2.57651","17344990","26.74326","1647726","16.40602","82386","16.40551","7029.40","19.55006"
"2006M11","689","-0.28944","5487445","2.00633","18722600","26.81595","2327000","35.13529","105773","35.13517","7266.97","20.61861"
"2006M12","688","-0.43415","5494930","1.94772","19376975","23.94238","2303187","-5.03583","109676","-0.51342","7630.30","19.64988"
"2007M01","687","-0.57887","5471853","1.57117","19038417","21.96005","2630241","21.57219","119556","-0.53246","7814.79","18.23894"
"2007M02","687","-0.57887","5471123","1.70909","19540690","24.45867","1095152","-30.49139","91263","-1.52892","7817.84","18.20085"
"2007M03","684","-1.01302","5459942","0.91967","19510864","22.58265","2575913","24.66820","111996","24.66856","7689.34","18.28626"
"2007M04","679","-2.02020","5465226","0.97854","19465941","11.34263","2116356","-9.31814","105818","-13.85214","7991.85","15.13826"
"2007M05","680","-1.59190","5479576","1.81880","20163548","20.43786","2105191","-24.03329","95691","-27.48594","8086.96","13.53306"
"2007M06","678","-1.59652","5458071","1.59036","21986362","34.15183","2968904","50.10157","148445","65.11134","8579.58","31.03056"
"2007M07","678","-1.31004","5458352","1.31170","23036132","45.89499","4950474","236.56706","225022","221.26724","9358.13","43.87738"
"2007M08","679","-1.16448","5489883","1.49215","22378102","38.15046","3541403","108.11889","153974","108.11797","8756.78","33.65538"
"2007M09","680","-1.01892","5554435","1.43995","23625933","40.10298","2472719","58.33569","137373","84.72555","9069.11","33.73152"
"2007M10","681","-1.01744","5520886","0.62481","24224825","39.66468","3489905","111.80129","158632","92.54728","9605.19","36.64310"
"2007M11","688","-0.14514","5549002","1.12178","21594365","15.33849","2904823","24.83124","132037","24.83053","8799.70","21.09173"
"2007M12","698","1.45349","5558644","1.15951","21527298","11.09731","2192770","-4.79410","104418","-4.79412","8309.00","8.89480"
"2008M01","705","2.62009","5544639","1.33019","19139756","0.53229","3057471","16.24300","138976","16.24343","7922.65","1.38020"
"2008M02","706","2.76565","5541623","1.28858","21383375","9.42999","1821327","66.30815","130095","42.54955","7999.48","2.32340"
"2008M03","707","3.36257","5519415","1.08926","21734308","11.39593","3195747","24.06269","152178","35.87807","8439.59","9.75701"
"2008M04","709","4.41826","5526445","1.12015","22645331","16.33309","3295620","55.72144","156934","48.30558","8877.98","11.08792"
"2008M05","709","4.26471","5530045","0.92104","21891979","8.57206","2949928","40.12638","140473","46.79855","8910.21","10.17997"
"2008M06","710","4.71976","5534630","1.40268","19137110","-12.95918","2023239","-31.85233","96345","-35.09717","8180.00","-4.65734"
"2008M07","712","5.01475","5538256","1.46389","17893941","-22.32228","2203085","-55.49749","100140","-55.49768","7127.70","-23.83414"
"2008M08","712","4.86009","5573666","1.52613","17974758","-19.67702","1953762","-44.83085","93036","-39.57681","7071.12","-19.24977"
"2008M09","711","4.55882","5625144","1.27302","14584147","-38.27060","1871785","-24.30256","89133","-35.11607","6203.77","-31.59450"
"2008M10","711","4.40529","5663700","2.58679","12403195","-48.79965","1246851","-64.27264","56675","-64.27266","5043.05","-47.49661"
"2008M11","712","3.48837","5671848","2.21384","11365324","-47.36903","1113830","-61.65584","55692","-57.82091","4509.53","-48.75359"
"2008M12","718","2.86533","5690399","2.37027","11706527","-45.62008","1382764","-36.93985","60120","-42.42372","4496.38","-45.88543"
"2009M01","719","1.98582","5690117","2.62376","10844281","-43.34159","846025","-72.32926","56402","-59.41601","4475.14","-43.51461"
"2009M02","720","1.98300","5687621","2.63457","11636284","-45.58257","1309128","-28.12230","65456","-49.68600","4476.87","-44.03549"
"2009M03","725","2.54597","5673246","2.78709","13199267","-39.26990","2309601","-27.72892","104982","-31.01368","4925.88","-41.63366"
"2009M04","724","2.11566","5663265","2.47573","15097740","-33.32957","3132239","-4.95752","142375","-9.27715","5724.36","-35.52182"
"2009M05","725","2.25670","5663515","2.41354","17348851","-20.75248","3459420","17.27134","192190","36.81633","6586.30","-26.08143"
"2009M06","727","2.39437","5670035","2.44651","16214571","-15.27158","2845151","40.62357","123702","28.39483","6495.99","-20.58692"
"2009M07","726","1.96629","5712344","3.14337","17893122","-0.00458","3032338","37.64054","131841","31.65668","6834.54","-4.11297"
"2009M08","728","2.24719","5709398","2.43524","17329602","-3.58923","2096284","7.29475","104814","12.65962","6855.82","-3.04478"
"2009M09","730","2.67229","5724419","1.76484","19107809","31.01767","2640405","41.06348","120018","34.65047","7321.12","18.01082"
"2009M10","731","2.81294","5747682","1.48281","18727632","50.99039","2779022","122.88325","126319","122.88311","7588.72","50.47878"
"2009M11","732","2.80899","5745650","1.30120","19402590","70.71744","2284017","105.05975","108763","95.29376","7611.73","68.79209"
"2009M12","741","3.20334","5772899","1.44981","21033640","79.67447","2946840","113.11229","128123","113.11211","7836.69","74.28887"
"2010M01","741","3.05981","5775216","1.49556","19705866","81.71667","2982779","252.56393","149139","164.42147","8098.58","80.96819"
"2010M02","741","2.91667","5771416","1.47329","19158879","64.64774","1306703","-0.18524","93336","42.59350","7431.71","66.00236"
"2010M03","741","2.20690","5751690","1.38270","20426042","54.75134","2325402","0.68414","101104","-3.69397","7775.16","57.84307"
"2010M04","740","2.20994","5748080","1.49763","20646719","36.75371","2569256","-17.97382","122346","-14.06778","8052.45","40.66987"
"2010M05","741","2.20690","5754491","1.60635","19051871","9.81633","1984951","-42.62186","94521","-50.81898","7525.68","14.26264"
"2010M06","741","1.92572","5731008","1.07535","18918906","16.67842","1674137","-41.15824","79721","-35.55399","7383.42","13.66120"
"2010M07","743","2.34160","5730820","0.32344","20071129","12.17231","2235850","-26.26647","101630","-22.91472","7638.86","11.76846"
"2010M08","744","2.19780","5667334","-0.73675","19764051","14.04792","2725318","30.00710","123878","18.18841","7884.00","14.99718"
"2010M09","744","1.91781","5727292","0.05019","21399711","11.99458","2630214","-0.38596","125248","4.35768","8039.50","9.81243"
"2010M10","743","1.64159","5769811","0.38501","21655031","15.63144","2387011","-14.10608","113667","-10.01591","8210.01","8.18702"
"2010M11","747","2.04918","5782343","0.63862","22031397","13.54874","2324257","1.76181","105648","-2.86403","8350.26","9.70252"
"2010M12","758","2.29420","5811281","0.66487","23811416","13.20635","3072799","4.27438","133600","4.27480","8777.11","12.00022"
"2011M01","759","2.42915","5797118","0.37924","24235326","22.98534","2621305","-12.11870","131065","-12.11890","8970.76","10.76954"
"2011M02","759","2.42915","5798488","0.46907","22826282","19.14205","1908629","46.06448","136331","46.06476","8742.56","17.63861"
"2011M03","761","2.69906","5801016","0.85759","23066609","12.92745","2632637","13.21212","114462","13.21214","8575.49","10.29342"
"2011M04","762","2.97297","5768685","0.35847","23938928","15.94543","2130049","-17.09472","112108","-8.36807","8860.92","10.04005"
"2011M05","763","2.96896","5774731","0.35173","23891463","25.40219","2172780","9.46265","103466","9.46351","8910.54","18.40179"
"2011M06","763","2.96896","5777913","0.81844","23012090","21.63542","2067544","23.49909","98454","23.49820","8748.66","18.49062"
"2011M07","765","2.96097","5784779","0.94156","23079671","14.98940","2434834","8.89970","115944","14.08442","8681.24","13.64575"
"2011M08","769","3.36022","5817643","2.65220","20734799","4.91169","2924819","7.32028","127166","2.65422","7763.33","-1.53057"
"2011M09","774","4.03226","5940370","3.72040","19397422","-9.35662","2135855","-18.79539","101707","-18.79551","7385.13","-8.13944"
"2011M10","779","4.84522","5972409","3.51135","20392981","-5.82798","1818486","-23.81744","90924","-20.00845","7345.08","-10.53507"
"2011M11","783","4.81928","5993321","3.64866","18686991","-15.18018","1899710","-18.26592","86350","-18.26632","7275.44","-12.87170"
"2011M12","790","4.22164","6026767","3.70806","19216183","-19.29844","1450761","-52.78699","65944","-50.64072","6969.15","-20.59858"
"2012M01","790","4.08432","6030541","4.02654","20458175","-15.58531","1352933","-48.38704","90196","-31.18224","7176.74","-19.99853"
"2012M02","790","4.08432","6036285","4.10102","22116169","-3.11094","2779925","45.65036","138996","1.95480","7855.93","-10.14154"
"2012M03","791","3.94218","6037729","4.08054","21641482","-6.17831","2295997","-12.78718","99826","-12.78678","8020.00","-6.47765"
"2012M04","794","4.19948","6047500","4.83325","20480203","-14.44812","1516623","-28.79868","75831","-32.35898","7620.82","-13.99516"
"2012M05","796","4.32503","6060430","4.94740","19942561","-16.52851","1605049","-26.12924","72957","-29.48698","7356.84","-17.43665"
"2012M06","797","4.45609","6097153","5.52518","19981112","-13.17124","1337349","-35.31702","63683","-35.31700","7142.52","-18.35870"
"2012M07","798","4.31373","6103913","5.51679","19913981","-13.71636","1452987","-40.32501","66045","-43.03716","7187.14","-17.21067"
"2012M08","799","3.90117","6125865","5.29806","20352738","-1.84261","1666633","-43.01757","75756","-40.42747","7409.60","-4.55642"
"2012M09","799","3.22997","6178249","4.00445","21222470","9.40871","1705578","-20.14542","85279","-16.15228","7610.38","3.05005"
"2012M10","802","2.95250","6216050","4.07944","19768504","-3.06222","1385880","-23.78935","62995","-30.71686","7438.14","1.26697"
"2012M11","804","2.68199","6351814","5.98154","20916106","11.92870","1512672","-20.37353","68758","-20.37290","7255.63","-0.27229"
"2012M12","809","2.40506","6257977","3.83639","21352161","11.11552","1626540","12.11633","77454","17.45420","7630.81","9.49413"
"2013M01","810","2.53165","6284010","4.20309","21862901","6.86633","1716894","26.90163","78041","-13.47621","7759.25","8.11664"
"2013M02","809","2.40506","6283071","4.08838","22027004","-0.40317","1021175","-63.26610","78552","-43.48614","7932.68","0.97697"
"2013M03","811","2.52845","6284059","4.07985","22128637","2.25102","1607471","-29.98811","76546","-23.32058","7906.99","-1.40910"
"2013M04","811","2.14106","6297757","4.13819","22648516","10.58736","1460625","-3.69228","73031","-3.69242","7893.42","3.57704"
"2013M05","811","1.88442","6305491","4.04362","23119266","15.92927","1822583","13.55311","82845","13.55319","8272.34","12.44420"
"2013M06","812","1.88206","6304969","3.40841","22608265","13.14818","1482412","10.84706","78022","22.51621","7988.80","11.84848"
"2013M07","811","1.62907","6318110","3.50918","22727872","14.13023","1880000","29.38863","81739","23.76259","8101.91","12.72787"
"2013M08","813","1.75219","6362560","3.86386","22566863","10.87876","1564102","-6.15198","74481","-1.68304","7932.02","7.05058"
"2013M09","815","2.00250","6423605","3.97129","23037090","8.55047","1508767","-11.53926","75438","-11.53977","8193.46","7.66164"
"2013M10","818","1.99501","6464138","3.99109","23883572","20.81628","1747144","26.06748","79416","26.06715","8366.18","12.47678"
"2013M11","828","2.98507","6462463","1.74201","23875853","14.15056","1547506","2.30281","73691","7.17444","8236.52","13.51902"
"2013M12","838","3.58467","6488000","3.67568","24519560","14.83409","1582254","-2.72271","71921","-7.14359","8431.40","10.49155"
"2014M01","840","3.70370","6497192","3.39245","24137806","10.40532","1756816","2.32525","97601","25.06375","8566.62","10.40526"
"2014M02","841","3.95550","6498458","3.42805","24567879","11.53527","1515741","48.43107","89161","13.50570","8496.09","7.10239"
"2014M03","843","3.94575","6504150","3.50237","25187454","13.82289","1965993","22.30348","93619","22.30424","8687.45","9.87051"
"2014M04","844","4.06905","6528323","3.66108","25090648","10.78275","1935178","32.48972","92151","26.18066","8900.14","12.75391"
"2014M05","845","4.19236","6543349","3.77224","25939939","12.20053","1852014","1.61480","88191","6.45301","8936.23","8.02542"
"2014M06","845","4.06404","6547777","3.85106","26852675","18.77371","1969851","32.88148","98493","26.23747","9229.31","15.52811"
"2014M07","846","4.31566","6550932","3.68499","26662078","17.31005","2453160","30.48723","111507","36.41836","9474.13","16.93699"
"2014M08","847","4.18204","6585915","3.51046","27052231","19.87590","1844091","17.90094","87814","17.90121","9266.46","16.82346"
"2014M09","847","3.92638","6624924","3.13405","25790087","11.95028","1588289","5.27066","75633","0.25849","9229.01","12.63874"
"2014M10","849","3.78973","6635979","2.65837","25837372","8.18052","1738160","-0.51421","79007","-0.51501","8819.21","5.41502"
"2014M11","849","2.53623","6659393","3.04729","26446772","10.76786","1460839","-5.60043","73042","-0.88070","9015.87","9.46213"
"2014M12","854","1.90931","6665328","2.73317","26891503","9.67368","1818405","14.92497","75767","5.34753","9109.31","8.04030"
"2015M01","856","1.90476","6668874","2.64240","27081366","12.19481","1722532","-1.95148","86127","-11.75603","9281.74","8.34775"
"2015M02","856","1.78359","6679303","2.78289","27859490","13.39803","1023675","-32.46373","78744","-11.68336","9505.55","11.88147"
"2015M03","858","1.77936","6698292","2.98489","27787049","10.32099","2016093","2.54833","91641","-2.11282","9611.30","10.63431"
"2015M04","858","1.65877","6699430","2.62099","28480849","13.51181","1959319","1.24748","97966","6.31030","9679.93","8.76155"
"2015M05","859","1.65680","6719034","2.68494","28150415","8.52152","1758894","-5.02804","87945","-0.27894","9689.30","8.42716"
"2015M06","862","2.01183","6728164","2.75493","27135035","1.05152","1758921","-10.70792","83758","-14.96045","9355.10","1.36294"
"2015M07","864","2.12766","6714300","2.49381","25275490","-5.20060","1751656","-28.59593","79621","-28.59551","8963.88","-5.38572"
"2015M08","865","2.12515","6740144","2.34180","23860273","-11.79924","1796753","-2.56701","85560","-2.56679","8156.22","-11.98127"
"2015M09","866","2.24321","6817923","2.91323","23896918","-7.34068","1492838","-6.00967","74642","-1.31027","8205.51","-11.09003"
"2015M10","869","2.35571","6833444","2.97567","25013804","-3.18751","1687299","-2.92614","80348","1.69732","8551.14","-3.03961"
"2015M11","871","2.59128","6839647","2.70676","24387843","-7.78518","1673178","14.53541","79675","9.08108","8502.60","-5.69296"
"2015M12","874","2.34192","6849291","2.76000","24503635","-8.87964","1550328","-14.74243","67406","-11.03515","8298.22","-8.90397"
"2016M01","876","2.33645","6855878","2.80413","23963955","-11.51128","1503635","-12.70786","71602","-16.86463","7871.48","-15.19392"
"2016M02","876","2.33645","6864767","2.77670","24757955","-11.13278","954351","-6.77207","73412","-6.77131","8246.53","-13.24510"
"2016M03","877","2.21445","6857075","2.37050","25727237","-7.41285","1874629","-7.01674","81506","-11.05946","8687.65","-9.61004"
"2016M04","877","2.21445","6858771","2.37843","24628603","-13.52574","1304485","-33.42151","68657","-29.91752","8567.99","-11.48707"
"2016M05","881","2.56112","6877441","2.35759","25141183","-10.68983","1400333","-20.38559","66683","-24.17647","8235.47","-15.00449"
"2016M06","881","2.20418","6878344","2.23211","25528420","-5.92081","1366709","-22.29844","65081","-22.29877","8595.42","-8.12049"
"2016M07","881","1.96759","6876061","2.40920","26475933","4.74944","1545740","-11.75550","77287","-2.93139","8899.74","-0.71554"
"2016M08","880","1.73410","6885731","2.16000","26736938","12.05630","1598099","-11.05628","69483","-18.79032","9093.75","11.49466"
"2016M09","883","1.96305","6926883","1.59814","27045736","13.17667","1299492","-12.95157","68394","-8.37062","9130.87","11.27730"
"2016M10","885","1.84120","6950764","1.71685","27466799","9.80657","1206409","-28.50058","60320","-24.92657","9273.74","8.45034"
"2016M11","889","2.06659","6984221","2.11376","27354206","12.16329","1475398","-11.82062","67064","-15.82805","9098.39","7.00715"
"2016M12","892","2.05950","6936979","1.28025","27247913","11.19947","1241859","-19.89702","56448","-16.25671","9245.26","11.41257"
"2017M01","894","2.05479","6953592","1.42526","27890908","16.38692","1033495","-31.26690","64593","-9.78883","9351.71","18.80498"
"2017M02","894","2.05479","6951728","1.26677","28842580","16.49823","1773797","85.86422","98544","34.23419","9673.98","17.30970"
"2017M03","896","2.16648","6957570","1.46557","29057524","12.94460","1971505","5.16774","85718","5.16772","9796.30","12.76122"
"2017M04","896","2.16648","6959455","1.46796","29246060","18.74835","1515156","16.14974","84175","22.60221","9801.37","14.39521"
"2017M05","898","1.92963","6979078","1.47783","29767770","18.40242","1682238","20.13128","84112","26.13710","9993.66","21.34899"
"2017M06","900","2.15664","6989350","1.61385","30841184","20.81117","2012367","47.24180","87494","34.43862","10259.00","19.35426"
"2017M07","900","2.15664","6992918","1.69948","30951438","16.90405","1882992","21.81816","89666","16.01692","10425.90","17.14837"
"2017M08","901","2.38636","6980456","1.37567","31473498","17.71542","2417812","51.29301","105122","51.29168","10436.30","14.76344"
"2017M09","904","2.37826","7017988","1.31524","30942539","14.40820","2514053","93.46429","114275","67.08337","10500.60","15.00109"
"2017M10","904","2.14689","7028301","1.11552","32186004","17.18149","2156410","78.74618","113495","88.15484","10683.90","15.20595"
"2017M11","904","1.68729","7038506","0.77725","31555338","15.35827","2728135","84.90841","124006","84.90695","10743.30","18.07913"
"2017M12","907","1.68161","7055765","1.71236","31831936","16.82339","2284278","83.94021","108775","92.69948","10501.40","13.58685"
"2018M01","910","1.78971","7059944","1.52945","33277302","19.31237","2804863","171.39589","127494","97.38052","11005.40","17.68329"
"2018M02","913","2.12528","7064597","1.62361","32434099","12.45214","1651045","-6.92030","127003","28.87949","10717.90","10.79101"
"2018M03","914","2.00893","7068456","1.59375","32748478","12.70223","2605136","32.13946","113267","32.13911","10903.90","11.30631"
"2018M04","915","2.12054","7001431","0.60315","31872763","8.98139","2240188","47.85197","124455","47.85269","10795.80","10.14583"
"2018M05","916","2.00445","7008020","0.41470","32527569","9.27110","2906530","72.77757","132115","57.07033","10817.70","8.24563"
"2018M06","917","1.88889","7011180","0.31233","32436945","5.17412","3002152","49.18511","150108","71.56376","10986.50","7.09133"
"2018M07","918","2.00000","7007452","0.20784","33122335","7.01388","2919476","55.04452","132703","47.99701","10840.20","3.97376"
"2018M08","920","2.10877","7039420","0.84470","33241117","5.61621","2684248","11.01972","116706","11.01958","10909.40","4.53322"
"2018M09","920","1.76991","7062465","0.63376","33057519","6.83519","2254534","-10.32273","118660","3.83723","10883.80","3.64932"
"2018M10","919","1.65929","7069070","0.58007","29529636","-8.25318","2408401","11.68567","109473","-3.54377","10088.40","-5.57381"
"2018M11","923","2.10177","7073998","0.50425","29753786","-5.70918","2269848","-16.79855","103175","-16.79838","9821.37","-8.58144"
"2018M12","928","2.31533","7077846","0.31295","29318455","-7.89610","1862445","-18.46680","88688","-18.46656","9747.11","-7.18276"
"2019M01","929","2.08791","7081438","0.30445","29919880","-10.08923","1753638","-37.47866","83507","-34.50123","9764.72","-11.27337"
"2019M02","929","1.75246","7081637","0.24120","31286264","-3.53898","1473079","-10.77899","113314","-10.77849","10210.04","-4.73847"
"2019M03","932","1.96937","7081170","0.17987","32126556","-1.89909","2027589","-22.16955","101379","-10.49555","10445.22","-4.20656"
"2019M04","934","2.07650","7081690","1.14632","33106563","3.87102","2389277","6.65520","119464","-4.01028","10892.15","0.89251"
"2019M05","933","1.85590","7036739","0.40980","31717051","-2.49179","2329199","-19.86324","105873","-19.86300","10574.49","-2.24822"
"2019M06","932","1.63577","7040394","0.41668","32424467","-0.03847","1800335","-40.03185","94754","-36.87612","10620.02","-3.33571"
"2019M07","932","1.52505","7038020","0.43622","32706455","-1.25559","2465647","-15.54488","107202","-19.21660","10845.70","0.05071"
"2019M08","932","1.30435","7051185","0.16713","32117198","-3.38111","2390893","-10.92876","113852","-2.44546","10469.14","-4.03562"
"2019M09","936","1.73913","7078305","0.22428","32784558","-0.82572","2081127","-7.69148","109533","-7.69172","10815.76","-0.62516"
"2019M10","936","1.84984","7081474","0.17547","34388595","16.45452","2581163","7.17331","122913","12.27700","11139.82","10.42203"
"2019M11","937","1.51679","7078049","0.05727","34809137","16.99061","2569822","13.21560","122372","18.60625","11558.86","17.69090"
"2019M12","942","1.50862","7093414","0.21995","36413522","24.20000","2602858","39.75489","118312","33.40249","11854.08","21.61636"
"2020M01","941","1.29171","7082372","0.01319","34903347","16.65604","2172707","23.89712","144847","73.45492","11962.32","22.50554"
"2020M02","941","1.29171","7081811","0.00246","34302256","9.63999","2504341","70.00724","131807","16.32014","11623.70","13.84588"
"2020M03","942","1.07296","7102689","0.30389","29516732","-8.12357","3692185","82.09731","167827","65.54415","10138.09","-2.94041"
"2020M04","943","0.96360","7105980","0.34300","33428354","0.97199","3018263","26.32537","150913","26.32509","10329.48","-5.16587"
"2020M05","944","1.17899","7116218","1.12949","33289667","4.95827","3335500","43.20374","166775","57.52364","10876.94","2.86017"
"2020M06","944","1.28755","7116645","1.08305","35382676","9.12339","3677774","104.28276","183889","94.06991","11489.68","8.18882"
"2020M07","944","1.28755","7114953","1.09311","38521510","17.77953","4941150","100.39973","214833","100.40018","12256.21","13.00527"
"2020M08","946","1.50215","7135925","1.20178","38308658","19.27771","4588770","91.92703","218513","91.92724","12743.07","21.72030"
"2020M09","946","1.06838","7179609","1.43119","38112908","16.25262","4069786","95.55683","184990","68.88974","12653.02","16.98689"
"2020M10","945","0.96154","7177141","1.35095","38246435","11.21837","3166657","22.68334","166666","35.59672","12817.76","15.06259"
"2020M11","944","0.74707","7175091","1.37103","41811949","20.11774","4542467","76.76193","216308","76.76266","13393.84","15.87510"
"2020M12","948","0.63694","7186073","1.30627","44903833","23.31637","5944692","128.39095","258465","118.46051","14276.88","20.43853"
"2021M01","947","0.63762","7172605","1.27405","46130751","32.16713","7076553","225.70213","353828","144.27706","15552.20","30.00986"
"2021M02","947","0.63762","7182228","1.41796","48626585","41.75915","4291413","71.35897","330109","150.44876","16080.79","38.34479"
"2021M03","950","0.84926","7191427","1.24936","50160374","69.93878","6746920","82.73516","306678","82.73460","16150.15","59.30172"
"2021M04","951","0.84836","7197724","1.29108","53642018","60.46862","8243894","173.13372","433889","187.50936","17114.84","65.68928"
"2021M05","953","0.95339","7207073","1.27673","52150240","56.65594","10662581","219.66964","507742","204.44731","16504.42","51.73767"
"2021M06","953","0.95339","7215234","1.38533","54314186","53.50503","9871431","168.40777","470068","155.62595","17282.82","50.42042"
"2021M07","952","0.84746","7218672","1.45776","52893642","37.30937","12084042","144.55930","549275","155.67534","17656.94","44.06525"
"2021M08","952","0.63425","7227706","1.28618","53645503","40.03493","7876234","71.64151","358011","63.83968","17131.01","34.43397"
"2021M09","954","0.84567","7254599","1.04449","52052841","36.57536","5789722","42.26109","289486","56.48738","17281.23","36.57791"
"2021M10","956","1.16402","7305877","1.79369","52279397","36.69090","5672498","79.13206","283625","70.17568","16723.56","30.47177"
"2021M11","957","1.37712","7321192","2.03623","53669424","28.35906","7694369","69.38745","349744","61.68796","17489.18","30.57629"
"2021M12","959","1.16034","7352762","2.31961","56282019","25.33901","6280308","5.64564","285469","10.44784","17845.35","24.99475"
"2022M01","962","1.58395","7363226","2.65763","54797507","18.78737","4993894","-29.43042","277439","-21.58930","18232.86","17.23653"
"2022M02","962","1.58395","7364497","2.53778","54742677","12.57767","4404258","2.62955","293617","-11.05453","18056.18","12.28416"
"2022M03","963","1.36842","7369660","2.47841","54895524","9.44002","7121413","5.55058","309627","0.96159","17474.73","8.20166"
"2022M04","963","1.26183","7382342","2.56495","51493080","-4.00607","4861331","-41.03113","255860","-41.03100","16998.78","-0.67812"
