資料日期,代號,名稱,成交股數,成交筆數,成交金額,成交價格,未成交買價,未成交買量,未成交賣價,未成交賣量
"1110628","006201","元大富櫃50","300","2","5186","17.29","17.03","4408","17.29","1311"
"1110628","00679B","元大美債20年","750","10","25089","33.46","33.46","3560","33.50","850"
"1110628","00687B","國泰20年美債","0","0","0","0.00","35.06","2936","35.45","646"
"1110628","00694B","富邦美債1-3","0","0","0","0.00","37.71","4760","37.84","414"
"1110628","00695B","富邦美債7-10","0","0","0","0.00","34.35","2911","34.70","324"
"1110628","00696B","富邦美債20年","205","3","7175","35.01","35.01","2071","35.50","333"
"1110628","00697B","元大美債7-10","179","1","6422","35.88","35.88","1480","36.07","550"
"1110628","00718B","富邦中國政策債","0","0","0","0.00","20.09","2378","20.36","1657"
"1110628","00719B","元大美債1-3","0","0","0","0.00","30.39","3157","31.00","542"
"1110628","00720B","元大投資級公司債","80","4","2756","34.47","34.47","1282","35.00","1349"
"1110628","00721B","元大中國債3-5","853","1","39451","46.25","46.25","1870","46.66","1395"
"1110628","00722B","群益15年IG電信債","251","3","9475","37.75","37.75","1313","38.00","1631"
"1110628","00723B","群益15年IG科技債","0","0","0","0.00","33.20","1099","0.00","0"
"1110628","00724B","群益10年IG金融債","0","0","0","0.00","33.33","1159","0.00","0"
"1110628","00725B","國泰投資級公司債","0","0","0","0.00","35.33","2098","35.95","3"
"1110628","00726B","國泰5Y+新興債","0","0","0","0.00","32.56","2574","33.00","526"
"1110628","00727B","國泰1-5Y非投等債","0","0","0","0.00","36.20","2595","36.65","385"
"1110628","00734B","台新JPM新興債","0","0","0","0.00","15.41","2098","15.65","818"
"1110628","00740B","富邦全球投等債","0","0","0","0.00","38.18","3139","39.00","10"
"1110628","00741B","富邦全球非投等債","0","0","0","0.00","35.25","1539","35.46","1518"
"1110628","00744B","國泰中國政金債5+","0","0","0","0.00","43.27","3099","44.00","410"
"1110628","00745B","富邦中政債0-1","0","0","0","0.00","41.69","2142","41.85","1578"
"1110628","00746B","富邦A級公司債","0","0","0","0.00","35.87","2099","36.50","658"
"1110628","00747B","FH中國政策債","759","2","40036","52.75","52.75","4633","52.85","4781"
"1110628","00748B","凱基中國債3-10","0","0","0","0.00","42.65","1099","0.00","0"
"1110628","00749B","凱基新興債10+","0","0","0","0.00","30.70","1099","0.00","0"
"1110628","00750B","凱基科技債10+","0","0","0","0.00","34.15","1099","0.00","0"
"1110628","00751B","元大AAA至A公司債","2","1","74","37.20","35.28","2256","37.20","93"
"1110628","00754B","群益AAA-AA公司債","0","0","0","0.00","36.78","2099","37.04","57"
"1110628","00755B","群益15年IG公用債","0","0","0","0.00","34.76","1169","35.10","179"
"1110628","00756B","群益15年EM主權債","630","1","20078","31.87","31.87","3062","32.08","1384"
"1110628","00758B","FH能源債","0","0","0","0.00","50.60","4096","50.80","2997"
"1110628","00759B","FH製藥債","0","0","0","0.00","56.15","5095","56.35","2998"
"1110628","00760B","FH新興企業債","0","0","0","0.00","51.05","6006","51.25","3087"
"1110628","00761B","國泰A級公司債","0","0","0","0.00","36.76","2099","37.40","120"
"1110628","00764B","群益25年美債","505","2","17523","34.70","34.70","1903","34.95","1945"
"1110628","00765B","群益中國政金債","0","0","0","0.00","39.96","2074","40.20","25"
"1110628","00768B","FH20年美債","0","0","0","0.00","57.10","7456","57.20","5660"
"1110628","00772B","中信高評級公司債","28","1","998","35.65","35.65","4759","36.01","14"
"1110628","00773B","中信優先金融債","0","0","0","0.00","35.60","2144","36.00","3"
"1110628","00777B","凱基AAA至A公司債","0","0","0","0.00","34.55","1099","0.00","0"
"1110628","00778B","凱基金融債20+","0","0","0","0.00","34.75","1099","0.00","0"
"1110628","00779B","凱基美債25+","0","0","0","0.00","34.65","1099","0.00","0"
"1110628","00780B","國泰A級金融債","0","0","0","0.00","35.24","2099","35.90","11"
"1110628","00781B","國泰A級科技債","0","0","0","0.00","33.35","2099","33.95","10"
"1110628","00782B","國泰A級公用債","0","0","0","0.00","33.56","3097","37.00","489"
"1110628","00784B","富邦中國投等債","0","0","0","0.00","35.66","3518","36.06","1204"
"1110628","00785B","富邦金融投等債","0","0","0","0.00","34.11","2009","34.39","992"
"1110628","00786B","元大10年IG銀行債","0","0","0","0.00","33.01","2099","33.60","494"
"1110628","00787B","元大10年IG醫療債","0","0","0","0.00","34.15","1099","0.00","0"
"1110628","00788B","元大10年IG電能債","0","0","0","0.00","32.35","1099","0.00","0"
"1110628","00789B","FH公司債A3","0","0","0","0.00","51.70","1099","0.00","0"
"1110628","00790B","FH次順位IG金融債","0","0","0","0.00","51.40","1099","0.00","0"
"1110628","00791B","FH美元信用債1-5Y","0","0","0","0.00","50.40","1099","0.00","0"
"1110628","00792B","群益A級公司債","0","0","0","0.00","33.34","2098","41.98","1"
"1110628","00793B","群益AAA-A醫療債","0","0","0","0.00","33.34","3049","33.88","340"
"1110628","00794B","群益7+中國政金債","0","0","0","0.00","39.85","1099","0.00","0"
"1110628","00795B","中信美國公債20年","0","0","0","0.00","33.65","1955","34.00","144"
"1110628","00796B","中信中國債7-10","0","0","0","0.00","41.47","1199","41.90","7"
"1110628","00799B","國泰A級醫療債","0","0","0","0.00","33.75","2099","34.40","2"
"1110628","00831B","新光美債1-3","0","0","0","0.00","36.20","1099","0.00","0"
"1110628","00834B","第一金金融債10+","0","0","0","0.00","32.99","2099","33.60","800"
"1110628","00836B","永豐10年A公司債","561","2","17216","30.69","30.69","1890","30.92","1193"
"1110628","00840B","凱基IG精選15+","0","0","0","0.00","31.55","1099","0.00","0"
"1110628","00841B","凱基AAA-AA公司債","0","0","0","0.00","31.60","1099","0.00","0"
"1110628","00842B","台新美元銀行債","0","0","0","0.00","31.75","1099","0.00","0"
"1110628","00843B","台新中國政策債","0","0","0","0.00","39.75","1099","0.00","0"
"1110628","00844B","新光15年IG金融債","0","0","0","0.00","31.65","1099","0.00","0"
"1110628","00845B","富邦新興投等債","0","0","0","0.00","29.83","2647","30.01","2501"
"1110628","00846B","富邦歐洲銀行債","0","0","0","0.00","31.84","2147","32.20","97"
"1110628","00847B","中信美國市政債","0","0","0","0.00","28.20","2099","28.70","11"
"1110628","00848B","中信新興亞洲債","0","0","0","0.00","32.59","1853","33.00","414"
"1110628","00849B","中信EM主權債0-5","0","0","0","0.00","34.32","3083","34.50","102"
"1110628","00853B","統一美債10年Aa-A","0","0","0","0.00","28.50","1099","0.00","0"
"1110628","00856B","永豐1-3年美公債","433","3","15787","36.46","36.46","1940","36.68","2187"
"1110628","00857B","永豐20年美公債","22","1","633","28.80","28.80","2684","28.94","1081"
"1110628","00858","永豐美國500大","11","1","280","25.50","25.50","14787","25.54","10818"
"1110628","00859B","群益0-1年美債","0","0","0","0.00","37.35","1099","0.00","0"
"1110628","00860B","群益1-5年IG債","0","0","0","0.00","35.86","3099","36.50","9"
"1110628","00862B","中信投資級公司債","0","0","0","0.00","31.01","2099","31.55","1"
"1110628","00863B","中信全球電信債","0","0","0","0.00","32.46","2098","33.00","80"
"1110628","00864B","中信美國公債0-1","0","0","0","0.00","38.63","2069","38.85","30"
"1110628","00867B","新光A-BBB電信債","0","0","0","0.00","31.75","1099","0.00","0"
"1110628","00870B","元大15年EM主權債","0","0","0","0.00","29.55","2093","30.00","333"
"1110628","00877","FH中國5G","1812","8","18985","10.48","10.45","14889","10.48","9680"
"1110628","00883B","中信ESG投資級債","0","0","0","0.00","31.13","3548","31.29","998"
"1110628","00884B","中信低碳新興債","0","0","0","0.00","29.82","1786","30.40","324"
"1110628","00886","永豐美國科技","478","4","8555","17.90","17.86","14226","17.90","11297"
"1110628","00887","永豐中國科技50大","792","2","13439","16.97","16.97","2551","17.15","2337"
"1110628","00888","永豐台灣ESG","805","14","10854","13.49","13.48","105023","13.49","13664"
"1110628","00890B","凱基ESG BBB債15+","0","0","0","0.00","32.50","999","0.00","0"
"1110628","1240","茂生農經","100","4","4609","46.10","46.10","3147","48.80","21"
"1110628","1258","其祥-KY","0","0","0","0.00","21.10","1699","21.45","681"
"1110628","1259","安心","6","2","402","67.00","67.00","204","70.90","1777"
"1110628","1264","德麥","203","6","55013","271.00","270.50","5198","271.00","201"
"1110628","1268","漢來美食","0","0","0","0.00","108.00","3306","109.00","1009"
"1110628","1336","台翰","0","0","0","0.00","19.20","2698","19.45","494"
"1110628","1565","精華","106","7","28408","268.00","268.00","3152","269.00","335"
"1110628","1569","濱川","795","5","19912","25.05","25.05","1626","26.50","101"
"1110628","1570","力肯","101","3","1837","18.20","18.20","3281","18.25","205"
"1110628","1580","新麥","5","1","469","93.90","93.50","4082","93.90","138"
"1110628","1584","精剛","98","1","1866","19.05","19.05","4187","19.80","114"
"1110628","1586","和勤","1","1","38","38.15","38.15","2904","38.20","1403"
"1110628","1591","駿吉-KY","121","1","2474","20.45","20.45","2726","20.70","943"
"1110628","1593","祺驊","0","0","0","0.00","51.40","2198","51.70","666"
"1110628","1595","川寶","0","0","0","0.00","39.20","1699","39.75","96"
"1110628","1599","宏佳騰","50","1","2242","44.85","44.60","4347","44.85","791"
"1110628","1742","台蠟","0","0","0","0.00","21.00","2079","21.20","871"
"1110628","1777","生泰","12","1","783","65.30","65.30","3785","65.90","912"
"1110628","1781","合世","2","2","28","14.05","14.05","3761","14.50","510"
"1110628","1784","訊聯","162","4","6778","41.85","41.75","2699","41.85","871"
"1110628","1785","光洋科","850","11","36417","42.85","42.85","25260","42.95","1130"
"1110628","1788","杏昌","31","2","4929","159.00","158.50","3306","159.00","1014"
"1110628","1796","金穎生技","74","3","3063","41.40","41.40","2144","43.00","188"
"1110628","1799","易威","104","1","1310","12.60","12.60","1695","12.80","160"
"1110628","1813","寶利徠","0","0","0","0.00","18.60","1529","19.40","426"
"1110628","1815","富喬","60","2","794","13.25","13.25","5714","13.30","2276"
"1110628","2035","唐榮","0","0","0","0.00","31.70","1700","32.20","76"
"1110628","2061","風青","200","1","3600","18.00","18.00","1715","19.00","74"
"1110628","2063","世鎧","0","0","0","0.00","34.10","1319","34.90","1119"
"1110628","2064","晉椿","148","4","2507","16.95","16.85","1816","16.95","236"
"1110628","2065","世豐","129","4","5701","44.20","44.20","3632","44.90","1810"
"1110628","2066","世德","0","0","0","0.00","62.00","2198","62.60","276"
"1110628","2067","嘉鋼","0","0","0","0.00","13.40","1699","13.60","983"
"1110628","2070","精湛","0","0","0","0.00","32.00","1199","32.65","1728"
"1110628","2221","大甲","190","1","6602","34.75","34.75","2771","34.80","649"
"1110628","2230","泰茂","0","0","0","0.00","20.10","3970","20.30","1667"
"1110628","2235","謚源","0","0","0","0.00","39.85","1199","40.15","1135"
"1110628","2596","綠意","0","0","0","0.00","19.80","2800","19.90","2440"
"1110628","2640","大車隊","0","0","0","0.00","78.00","4721","78.60","1948"
"1110628","2641","正德","200","2","4460","22.30","22.25","4487","22.30","807"
"1110628","2643","捷迅","0","0","0","0.00","68.70","2238","69.00","242"
"1110628","2718","晶悅","0","0","0","0.00","0.00","0","34.30","31"
"1110628","2719","燦星旅","500","1","7375","14.75","0.00","0","14.75","1548"
"1110628","2724","富驛-KY","0","0","0","0.00","13.60","465","0.00","0"
"1110628","2726","雅茗-KY","0","0","0","0.00","26.05","2298","26.55","305"
"1110628","2729","瓦城","130","3","28795","221.50","220.00","2265","221.50","574"
"1110628","2732","六角","0","0","0","0.00","96.50","2253","101.00","36"
"1110628","2734","易飛網","0","0","0","0.00","38.00","3574","38.10","1564"
"1110628","2736","富野","1279","14","35042","27.40","27.30","2199","27.40","835"
"1110628","2740","天蔥","15","3","420","28.15","28.15","984","30.70","754"
"1110628","2743","山富","451","5","29766","66.00","66.00","2693","66.20","80"
"1110628","2745","五福","144","2","6912","48.00","48.00","1463","49.75","20"
"1110628","2752","豆府","8","1","1160","145.00","143.00","2298","145.00","339"
"1110628","2754","亞洲藏壽司","40","1","3012","75.30","74.50","3197","75.30","755"
"1110628","2755","揚秦","0","0","0","0.00","71.70","2297","73.00","112"
"1110628","2756","聯發國際","65","2","7085","109.00","107.00","310","109.00","1041"
"1110628","2916","滿心","60","2","1277","21.30","21.30","642","21.95","52"
"1110628","2924","東凌-KY","9","2","277","30.90","27.60","100","30.90","585"
"1110628","2926","誠品生活","60","2","2930","48.85","48.60","3399","48.85","1021"
"1110628","2937","集雅社","0","0","0","0.00","37.70","1199","38.00","2485"
"1110628","2947","振宇五金","28","2","3052","109.00","108.00","500","109.00","307"
"1110628","3064","泰偉","632","1","7078","11.20","11.20","1367","11.25","382"
"1110628","3066","李洲","0","0","0","0.00","27.55","1642","27.80","827"
"1110628","3067","全域","0","0","0","0.00","40.00","700","41.25","1206"
"1110628","3071","協禧","8","1","199","24.90","24.90","52301","25.15","689"
"1110628","3073","天方能源","0","0","0","0.00","23.00","1332","24.90","547"
"1110628","3078","僑威","0","0","0","0.00","34.00","2364","34.50","1507"
"1110628","3081","聯亞","1","1","123","123.00","119.00","2400","123.00","1069"
"1110628","3083","網龍","511","4","24373","47.70","47.70","4238","47.95","1111"
"1110628","3085","新零售","0","0","0","0.00","9.80","1011","10.35","190"
"1110628","3086","華義","182","3","18837","103.50","103.50","4541","104.00","277"
"1110628","3088","艾訊","0","0","0","0.00","58.20","2590","58.70","338"
"1110628","3089","億杰","1002","5","29557","29.50","29.50","3355","30.00","695"
"1110628","3093","港建","100","2","12150","121.50","120.50","1803","121.50","9"
"1110628","3095","及成","30","5","85","2.98","0.00","0","2.98","969"
"1110628","3105","穩懋","1025","26","206531","201.50","201.50","13591","202.00","749"
"1110628","3114","好德","0","0","0","0.00","26.35","3699","26.75","375"
"1110628","3115","寶島極","0","0","0","0.00","0.00","0","12.30","124"
"1110628","3118","進階","34","2","987","29.05","29.05","3763","29.40","71"
"1110628","3122","笙泉","0","0","0","0.00","40.65","2424","42.30","107"
"1110628","3128","昇銳","50","1","937","18.75","18.75","1274","18.90","969"
"1110628","3131","弘塑","25","3","5925","237.00","236.00","5089","237.00","563"
"1110628","3141","晶宏","53","7","7579","143.00","143.00","5688","143.50","1120"
"1110628","3147","大綜","0","0","0","0.00","45.85","2575","46.20","904"
"1110628","3152","璟德","296","4","59200","200.00","200.00","3033","205.50","63"
"1110628","3162","精確","312","2","11918","38.20","38.20","887","38.50","2379"
"1110628","3163","波若威","150","2","7147","47.65","47.65","2916","48.10","1228"
"1110628","3169","亞信","454","8","61290","135.00","135.00","3226","137.00","135"
"1110628","3171","新洲","0","0","0","0.00","18.00","700","19.00","1153"
"1110628","3176","基亞","1","1","44","44.05","44.05","2604","44.35","454"
"1110628","3178","公準","10","1","629","62.90","62.90","2288","63.50","570"
"1110628","3188","鑫龍騰","0","0","0","0.00","15.75","4268","16.00","1064"
"1110628","3191","和進","108","4","1057","9.80","9.26","476","9.80","41"
"1110628","3202","樺晟","0","0","0","0.00","14.20","2698","14.35","780"
"1110628","3205","佰研","988","16","38180","38.65","38.65","4485","38.80","681"
"1110628","3206","志豐","1","1","27","27.30","27.30","2677","27.55","1412"
"1110628","3207","耀勝","409","5","12555","30.70","30.70","2444","30.75","232"
"1110628","3211","順達","5","1","373","74.60","74.60","6690","74.70","2520"
"1110628","3213","茂訊","0","0","0","0.00","44.20","2872","46.05","69"
"1110628","3217","優群","91","2","6587","72.40","72.40","4240","73.60","1249"
"1110628","3218","大學光","15","3","4200","280.00","279.00","3376","280.00","694"
"1110628","3219","倚強科","0","0","0","0.00","80.30","2229","80.80","25"
"1110628","3221","台嘉碩","412","8","16231","39.40","39.35","3497","39.40","346"
"1110628","3224","三顧","1","1","47","47.00","47.00","2113","47.50","108"
"1110628","3226","至寶電","0","0","0","0.00","62.10","1699","63.50","764"
"1110628","3227","原相","670","6","68004","101.50","101.50","11012","102.00","5242"
"1110628","3228","金麗科","506","21","166980","330.00","328.50","4674","330.00","14"
"1110628","3230","錦明","1","1","15","15.70","15.70","1698","15.90","412"
"1110628","3232","昱捷","600","13","16164","26.95","26.80","3161","26.95","1205"
"1110628","3234","光環","158","2","3325","21.05","20.70","3662","21.05","560"
"1110628","3236","千如","0","0","0","0.00","19.75","1555","19.85","1599"
"1110628","3252","海灣","1","1","24","24.45","24.45","699","24.55","1432"
"1110628","3259","鑫創","790","3","16037","20.30","20.30","1875","20.70","1570"
"1110628","3260","威剛","49","2","3087","63.00","63.00","7210","65.00","460"
"1110628","3264","欣銓","525","11","19950","38.00","38.00","14076","38.20","6414"
"1110628","3265","台星科","329","5","16614","50.50","50.20","1699","50.50","1547"
"1110628","3268","海德威","1","1","22","22.45","22.25","1219","22.45","88"
"1110628","3272","東碩","0","0","0","0.00","26.85","1876","27.15","487"
"1110628","3276","宇環","1","1","16","16.95","16.90","4614","16.95","1575"
"1110628","3284","太普高","0","0","0","0.00","12.50","957","13.20","118"
"1110628","3285","微端","0","0","0","0.00","19.50","1934","20.45","63"
"1110628","3287","廣寰科","0","0","0","0.00","13.30","1636","13.45","687"
"1110628","3288","點晶","21","6","324","15.55","13.80","1000","15.55","789"
"1110628","3289","宜特","646","5","33268","51.50","51.50","4359","52.30","882"
"1110628","3290","東浦","0","0","0","0.00","21.10","4588","21.30","1709"
"1110628","3293","鈊象","730","26","540200","740.00","740.00","4845","742.00","2686"
"1110628","3294","英濟","439","1","8758","19.95","19.95","4233","20.15","1541"
"1110628","3297","杭特","209","4","3197","15.30","15.25","5691","15.30","855"
"1110628","3303","岱稜","0","0","0","0.00","28.45","3997","28.55","515"
"1110628","3306","鼎天","2","2","46","23.30","23.20","3000","23.30","251"
"1110628","3310","佳穎","0","0","0","0.00","38.10","2387","38.75","882"
"1110628","3313","斐成","405","6","4514","11.15","11.15","3662","11.20","1484"
"1110628","3317","尼克森","300","1","18810","62.70","62.40","2923","62.70","598"
"1110628","3322","建舜電","164","3","2788","17.00","17.00","3227","17.20","147"
"1110628","3323","加百裕","104","2","3577","34.40","34.40","1845","36.10","1365"
"1110628","3324","雙鴻","59","5","10030","170.00","170.00","5067","170.50","2154"
"1110628","3325","旭品","0","0","0","0.00","13.00","2491","13.70","1103"
"1110628","3332","幸康","0","0","0","0.00","40.35","1199","41.15","601"
"1110628","3339","泰谷","650","2","9327","14.35","14.35","1549","14.60","74"
"1110628","3349","寶德","0","0","0","0.00","0.00","0","17.60","55"
"1110628","3354","律勝","100","2","1884","18.85","18.85","5898","18.90","2038"
"1110628","3357","臺慶科","50","1","4925","98.50","98.30","1502","98.50","21"
"1110628","3360","尚立","0","0","0","0.00","15.50","1800","15.65","357"
"1110628","3362","先進光","0","0","0","0.00","58.00","4047","58.40","548"
"1110628","3363","上詮","0","0","0","0.00","24.00","1789","24.15","1707"
"1110628","3372","典範","422","1","5992","14.20","14.20","1277","14.35","103"
"1110628","3373","熱映","0","0","0","0.00","23.35","2363","24.40","275"
"1110628","3374","精材","265","8","35111","132.50","132.00","3469","132.50","768"
"1110628","3379","彬台","0","0","0","0.00","11.60","3687","11.75","349"
"1110628","3388","崇越電","115","3","8797","76.50","76.40","3220","76.50","1456"
"1110628","3390","旭軟","111","4","2346","21.15","21.15","1288","21.40","667"
"1110628","3402","漢科","20","1","838","41.90","41.75","3472","41.90","1700"
"1110628","3426","台興","0","0","0","0.00","37.65","1199","38.40","466"
"1110628","3434","哲固","0","0","0","0.00","27.05","2833","27.30","1419"
"1110628","3438","類比科","486","2","27216","56.00","56.00","3226","56.30","268"
"1110628","3441","聯一光","10","1","337","33.70","33.65","6576","33.70","418"
"1110628","3444","利機","30","2","1950","65.00","64.90","6342","65.00","568"
"1110628","3455","由田","123","3","9667","78.60","78.60","4146","79.10","582"
"1110628","3465","進泰電子","0","0","0","0.00","0.00","0","121.50","62"
"1110628","3466","致振","63","3","1514","24.05","24.05","2916","24.15","2233"
"1110628","3479","安勤","100","2","5640","56.40","56.40","2638","57.20","361"
"1110628","3483","力致","10","2","658","65.90","65.20","6985","65.90","1729"
"1110628","3484","崧騰","46","2","2566","55.80","55.20","3163","55.80","1241"
"1110628","3489","森寶","0","0","0","0.00","11.00","1199","11.10","600"
"1110628","3490","單井","22","3","572","26.00","25.95","1899","26.00","2105"
"1110628","3491","昇達科","110","6","17710","161.00","161.00","6601","162.00","1089"
"1110628","3492","長盛","0","0","0","0.00","17.30","1299","18.10","85"
"1110628","3498","陽程","0","0","0","0.00","25.10","1769","25.40","1346"
"1110628","3499","環天科","1","1","18","18.25","18.05","3255","18.25","1605"
"1110628","3508","位速","1445","33","60024","41.55","41.55","3758","42.90","149"
"1110628","3511","矽瑪","0","0","0","0.00","33.80","3049","34.00","1794"
"1110628","3512","皇龍","0","0","0","0.00","33.60","3699","34.15","448"
"1110628","3516","亞帝歐","0","0","0","0.00","16.00","1699","16.20","1390"
"1110628","3520","華盈","598","7","9625","16.10","16.10","1612","16.25","2299"
"1110628","3521","鴻翊","0","0","0","0.00","13.30","1199","13.55","36"
"1110628","3522","御頂","0","0","0","0.00","10.75","1783","10.90","760"
"1110628","3523","迎輝","144","6","1537","10.70","10.50","525","10.70","3607"
"1110628","3526","凡甲","440","10","64240","146.00","146.00","3772","147.00","370"
"1110628","3527","聚積","179","4","22463","125.50","125.50","6435","128.50","112"
"1110628","3529","力旺","21","3","25410","1210.00","1205.00","1871","1210.00","609"
"1110628","3531","先益","0","0","0","0.00","23.80","2199","24.20","222"
"1110628","3537","堡達","300","3","11774","39.25","39.25","1730","39.45","826"
"1110628","3540","曜越","0","0","0","0.00","29.05","7569","29.15","1573"
"1110628","3541","西柏","0","0","0","0.00","61.60","6033","62.00","2363"
"1110628","3546","宇峻","38","3","2929","77.10","76.80","7724","77.10","668"
"1110628","3548","兆利","32","1","2054","64.20","63.10","5698","64.20","180"
"1110628","3551","世禾","10","2","626","62.60","62.20","2714","62.60","409"
"1110628","3552","同致","195","9","32856","168.50","168.50","4777","170.00","1305"
"1110628","3555","重鵬","735","3","24438","33.25","33.25","2964","34.00","1890"
"1110628","3556","禾瑞亞","304","6","21644","71.20","71.00","4921","71.20","919"
"1110628","3558","神準","265","7","48230","182.00","182.00","4860","184.00","195"
"1110628","3564","其陽","250","2","7775","31.10","31.10","2449","31.20","1777"
"1110628","3567","逸昌","0","0","0","0.00","32.90","1729","33.30","980"
"1110628","3570","大塚","0","0","0","0.00","89.00","3698","90.40","12"
"1110628","3577","泓格","0","0","0","0.00","75.20","2699","75.60","594"
"1110628","3580","友威科","0","0","0","0.00","54.80","4092","55.00","981"
"1110628","3581","博磊","0","0","0","0.00","21.65","1199","22.05","356"
"1110628","3587","閎康","758","5","84896","112.00","112.00","3993","112.50","101"
"1110628","3594","磐儀","500","2","12000","24.00","24.00","2224","24.20","3788"
"1110628","3597","映興","0","0","0","0.00","23.85","1199","24.25","1019"
"1110628","3609","三一東林","0","0","0","0.00","53.80","1199","54.80","936"
"1110628","3611","鼎翰","100","4","17749","177.50","177.50","3375","179.00","236"
"1110628","3615","安可","0","0","0","0.00","18.55","52650","18.75","985"
"1110628","3623","富晶通","0","0","0","0.00","15.50","5480","15.75","795"
"1110628","3624","光頡","3437","27","218932","63.70","63.70","3002","63.80","1084"
"1110628","3625","西勝","1","1","18","18.40","17.90","3636","18.40","239"
"1110628","3628","盈正","169","8","7213","42.70","42.70","2351","44.80","44"
"1110628","3629","地心引力","0","0","0","0.00","46.40","2298","47.10","1195"
"1110628","3630","新鉅科","5","5","145","29.10","29.00","2700","29.10","1662"
"1110628","3631","晟楠","0","0","0","0.00","39.50","2104","39.65","1347"
"1110628","3632","研勤","1","1","10","10.30","10.05","1807","10.30","1037"
"1110628","3642","駿熠電","2","2","14","7.96","7.33","3","7.96","113"
"1110628","3646","艾恩特","0","0","0","0.00","26.05","1806","27.20","37"
"1110628","3652","精聯","2","1","41","20.80","20.80","2961","20.95","1856"
"1110628","3663","鑫科","120","3","4013","33.45","33.30","3187","33.45","577"
"1110628","3664","安瑞-KY","1","1","8","8.91","8.86","2427","8.91","2176"
"1110628","3666","光耀","0","0","0","0.00","27.05","2199","27.20","432"
"1110628","3672","康聯訊","0","0","0","0.00","35.60","2427","36.15","1526"
"1110628","3675","德微","24","6","6336","264.00","264.00","1799","264.50","220"
"1110628","3680","家登","80","4","17680","221.00","220.50","2858","221.00","1090"
"1110628","3684","榮昌","0","0","0","0.00","45.60","3320","46.40","1356"
"1110628","3685","元創精密","0","0","0","0.00","25.95","2243","26.00","223"
"1110628","3687","歐買尬","500","10","58500","117.00","117.00","4489","117.50","1330"
"1110628","3689","湧德","46","1","2012","43.75","43.75","4840","44.00","1915"
"1110628","3691","碩禾","530","6","80560","152.00","152.00","4340","153.00","1769"
"1110628","3693","營邦","0","0","0","0.00","48.20","2359","49.00","1748"
"1110628","3707","漢磊","1153","19","144125","125.00","124.50","6317","125.00","1656"
"1110628","3709","鑫聯大投控","33","1","960","29.10","29.10","463","29.55","942"
"1110628","3710","連展投控","562","8","7754","13.80","13.75","739","13.80","1202"
"1110628","3713","新晶投控","0","0","0","0.00","30.65","1204","31.00","1183"
"1110628","4102","永日","100","3","1773","17.75","17.75","4494","17.90","1169"
"1110628","4105","東洋","226","4","16498","73.00","72.80","4308","73.00","2063"
"1110628","4107","邦特","0","0","0","0.00","111.00","3366","112.00","990"
"1110628","4109","加捷生醫","0","0","0","0.00","14.25","4755","14.30","2209"
"1110628","4111","濟生","0","0","0","0.00","24.35","1938","24.55","2067"
"1110628","4113","聯上","0","0","0","0.00","12.90","3221","12.95","1699"
"1110628","4114","健喬","9453","52","303894","32.15","32.15","4365","32.20","9949"
"1110628","4116","明基醫","1017","20","79830","78.50","78.50","3764","81.00","17"
"1110628","4120","友華","0","0","0","0.00","34.20","1799","34.75","799"
"1110628","4121","優盛","900","6","18313","20.35","20.35","3091","21.50","47"
"1110628","4123","晟德","1667","16","100182","60.10","60.10","3643","60.20","4569"
"1110628","4126","太醫","213","5","15123","71.00","70.90","5227","71.00","2298"
"1110628","4127","天良","0","0","0","0.00","16.50","2193","16.55","404"
"1110628","4128","中天","1151","10","67677","58.80","58.80","13176","59.30","4417"
"1110628","4129","聯合","0","0","0","0.00","28.35","2818","28.55","3986"
"1110628","4129A","聯合甲特","0","0","0","0.00","42.35","4996","43.15","1998"
"1110628","4130","健亞","510","4","13260","26.00","25.95","4207","26.00","2555"
"1110628","4131","晶宇","789","4","13056","16.55","16.55","1621","17.00","3777"
"1110628","4138","曜亞","4","2","234","58.70","58.70","4033","60.00","518"
"1110628","4139","馬光-KY","0","0","0","0.00","42.45","2492","43.00","1730"
"1110628","4147","中裕","836","17","52078","62.30","62.30","3271","63.40","298"
"1110628","4153","鈺緯","152","1","4256","28.00","28.00","3396","28.30","2679"
"1110628","4154","樂威科-KY","777","1","34654","44.60","44.60","890","45.00","2575"
"1110628","4157","太景*-KY","599","12","10329","17.25","17.25","2010","17.45","855"
"1110628","4160","創源","28","2","692","24.75","24.65","2024","24.75","1433"
"1110628","4161","聿新科","0","0","0","0.00","25.15","2398","25.40","635"
"1110628","4162","智擎","1508","13","127723","84.70","84.70","22885","85.10","1062"
"1110628","4163","鐿鈦","3","3","264","88.00","87.70","3156","88.00","2455"
"1110628","4167","松瑞藥","1160","11","20181","17.40","17.40","3677","17.45","3348"
"1110628","4168","醣聯","90","2","2448","27.20","27.20","2609","28.75","108"
"1110628","4171","瑞基","884","32","81134","91.80","91.80","3349","96.70","163"
"1110628","4173","久裕","0","0","0","0.00","17.70","1945","17.75","178"
"1110628","4174","浩鼎","220","9","22549","102.50","102.50","5062","104.50","358"
"1110628","4175","杏一","1","1","71","71.90","71.90","3038","74.00","1153"
"1110628","4183","福永生技","0","0","0","0.00","18.00","1199","18.30","1175"
"1110628","4188","安克","0","0","0","0.00","16.10","2198","16.25","1137"
"1110628","4192","杏國","387","3","11589","29.95","29.95","1397","31.60","333"
"1110628","4198","欣大健康","0","0","0","0.00","5.11","1202","0.00","0"
"1110628","4205","中華食","171","13","17955","105.00","104.50","4750","105.00","1385"
"1110628","4207","環泰","30","1","439","14.65","14.60","2589","14.65","938"
"1110628","4303","信立","0","0","0","0.00","23.00","3239","23.10","1032"
"1110628","4304","勝昱","0","0","0","0.00","8.10","1299","8.33","496"
"1110628","4305","世坤","0","0","0","0.00","29.70","700","30.30","287"
"1110628","4401","東隆興","50","1","1475","29.50","29.00","1199","29.50","671"
"1110628","4402","福大","82","2","971","11.85","11.80","643","11.85","697"
"1110628","4406","新昕纖","0","0","0","0.00","9.92","1680","10.05","245"
"1110628","4413","飛寶企業","150","2","2287","15.25","15.25","1659","15.45","152"
"1110628","4416","三圓","0","0","0","0.00","87.60","1699","89.30","583"
"1110628","4417","金洲","0","0","0","0.00","34.00","4570","34.45","1557"
"1110628","4419","元勝","0","0","0","0.00","0.00","0","9.20","14"
"1110628","4420","光明","0","0","0","0.00","30.45","700","31.45","99"
"1110628","4430","耀億","0","0","0","0.00","23.45","2577","24.30","2040"
"1110628","4432","銘旺實","0","0","0","0.00","15.65","3702","15.80","282"
"1110628","4433","興采","0","0","0","0.00","29.05","2138","29.30","918"
"1110628","4502","健信","66","1","2494","37.80","37.80","634","38.15","1469"
"1110628","4503","金雨","250","3","11312","45.25","44.85","3699","45.25","1472"
"1110628","4506","崇友","248","2","17980","72.50","72.10","3698","72.50","1692"
"1110628","4510","高鋒","300","2","3284","10.95","10.95","3920","11.15","294"
"1110628","4513","福裕","0","0","0","0.00","18.85","1700","19.10","1691"
"1110628","4523","永彰","0","0","0","0.00","28.70","1199","29.50","1385"
"1110628","4527","方土霖","50","1","1320","26.40","26.40","2669","26.50","879"
"1110628","4528","江興鍛","0","0","0","0.00","37.25","1702","37.45","413"
"1110628","4529","淳紳","0","0","0","0.00","12.25","1209","12.30","776"
"1110628","4530","宏易","0","0","0","0.00","7.99","804","8.04","1271"
"1110628","4533","協易機","0","0","0","0.00","11.05","1962","11.20","1087"
"1110628","4534","慶騰","0","0","0","0.00","9.89","1915","10.15","97"
"1110628","4535","至興","0","0","0","0.00","35.35","2198","35.60","2752"
"1110628","4538","大詠城","50","1","942","18.85","18.55","2198","18.85","852"
"1110628","4541","晟田","1","1","27","27.75","27.75","4385","28.05","142"
"1110628","4542","科嶠","0","0","0","0.00","25.90","1199","26.45","1748"
"1110628","4543","萬在","200","3","4000","20.00","20.00","1249","20.30","154"
"1110628","4549","桓達","0","0","0","0.00","85.00","4218","87.90","542"
"1110628","4550","長佳","0","0","0","0.00","21.65","2154","21.80","932"
"1110628","4554","橙的","0","0","0","0.00","32.50","1459","32.70","441"
"1110628","4556","旭然","0","0","0","0.00","30.70","1199","31.00","1603"
"1110628","4558","寶緯","0","0","0","0.00","0.00","0","42.25","25"
"1110628","4561","健椿","0","0","0","0.00","25.70","2198","26.15","724"
"1110628","4563","百德","0","0","0","0.00","32.25","2733","32.65","532"
"1110628","4568","科際精密","0","0","0","0.00","65.40","2198","66.80","21"
"1110628","4577","達航科技","0","0","0","0.00","0.00","0","32.90","30"
"1110628","4580","捷流閥業","0","0","0","0.00","88.40","2311","89.00","376"
"1110628","4609","唐鋒","0","0","0","0.00","8.16","100","9.00","792"
"1110628","4702","中美實","144","3","2094","14.55","14.50","2049","14.55","903"
"1110628","4706","大恭","0","0","0","0.00","17.75","1199","18.05","176"
"1110628","4707","磐亞","751","6","9722","12.95","12.90","5383","12.95","1986"
"1110628","4711","永純","78","2","1248","16.00","16.00","2228","16.10","136"
"1110628","4712","南璋","5","1","25","5.18","4.99","2","5.18","379"
"1110628","4714","永捷","18","2","237","13.20","13.15","4054","13.20","1994"
"1110628","4716","大立","0","0","0","0.00","14.95","2026","15.55","3"
"1110628","4721","美琪瑪","1020","13","132600","130.00","130.00","4597","130.50","53"
"1110628","4726","永昕","3","1","123","41.00","40.80","2184","41.00","519"
"1110628","4728","雙美","4","3","477","119.50","119.00","2704","119.50","1001"
"1110628","4729","熒茂","0","0","0","0.00","10.50","1699","11.10","699"
"1110628","4735","豪展","0","0","0","0.00","34.75","3876","36.30","257"
"1110628","4736","泰博","106","5","21358","201.50","200.50","3512","201.50","822"
"1110628","4741","泓瀚","0","0","0","0.00","24.10","1299","24.50","1636"
"1110628","4743","合一","2204","26","418760","190.00","189.50","8698","190.00","1054"
"1110628","4744","皇將","1","1","26","26.00","25.65","2198","26.00","44"
"1110628","4745","合富-KY","66","1","1699","25.75","25.75","4727","25.95","1936"
"1110628","4747","強生","0","0","0","0.00","0.00","0","31.65","581"
"1110628","4754","國碳科","249","9","9620","38.65","38.65","2991","39.35","2163"
"1110628","4760","勤凱","0","0","0","0.00","65.40","3993","66.00","558"
"1110628","4767","誠泰科技","0","0","0","0.00","27.50","15","29.50","36"
"1110628","4768","晶呈科技","40","2","5980","149.50","149.50","1576","0.00","0"
"1110628","4804","大略-KY","140","2","1827","13.05","12.95","1260","13.05","465"
"1110628","4806","昇華","79","73","717","9.87","9.79","5","9.87","54"
"1110628","4903","聯光通","21","1","221","10.55","10.55","6226","11.30","346"
"1110628","4905","台聯電","0","0","0","0.00","51.50","2198","52.50","829"
"1110628","4907","富宇","0","0","0","0.00","24.45","2198","24.60","1285"
"1110628","4908","前鼎","0","0","0","0.00","37.50","3898","37.90","579"
"1110628","4909","新復興","399","11","6861","17.20","17.20","2689","18.05","55"
"1110628","4911","德英","246","4","14514","59.00","56.00","250","59.00","363"
"1110628","4923","力士","0","0","0","0.00","61.10","79","63.60","2012"
"1110628","4924","欣厚-KY","0","0","0","0.00","14.65","1026699","0.00","0"
"1110628","4931","新盛力","144","5","5542","38.50","38.50","3696","38.70","128"
"1110628","4933","友輝","0","0","0","0.00","36.90","1849","37.05","1058"
"1110628","4939","亞電","101","3","1908","18.90","18.90","4579","19.00","750"
"1110628","4944","兆遠","0","0","0","0.00","9.66","2782","10.15","467"
"1110628","4945","陞達科技","0","0","0","0.00","66.60","1220","69.70","353"
"1110628","4946","辣椒","0","0","0","0.00","62.20","3476","62.60","1227"
"1110628","4950","牧東","0","0","0","0.00","24.10","1699","24.40","907"
"1110628","4953","緯軟","0","0","0","0.00","79.00","5344","79.40","237"
"1110628","4966","譜瑞-KY","62","10","75640","1220.00","1220.00","1511","1230.00","1428"
"1110628","4971","IET-KY","0","0","0","0.00","71.60","4460","72.20","1683"
"1110628","4972","湯石照明","40","1","1198","29.95","29.95","2038","31.30","83"
"1110628","4973","廣穎","2","2","40","20.20","20.20","2695","20.55","703"
"1110628","4974","亞泰","0","0","0","0.00","52.40","4002","53.50","1330"
"1110628","4979","華星光","435","2","8090","18.60","18.60","4627","18.80","2102"
"1110628","4987","科誠","0","0","0","0.00","60.30","2198","61.40","1293"
"1110628","4991","環宇-KY","0","0","0","0.00","35.25","1249","35.60","1694"
"1110628","4995","晶達","50","1","1740","34.80","34.80","4855","35.55","733"
"1110628","5009","榮剛","90","3","2322","25.80","25.80","2270","26.00","585"
"1110628","5011","久陽","0","0","0","0.00","27.70","1246","27.75","1058"
"1110628","5013","強新","0","0","0","0.00","33.30","2342","33.80","1678"
"1110628","5014","建錩","34","3","603","17.80","17.70","3110","17.80","907"
"1110628","5015","華祺","50","1","2170","43.40","43.35","3707","43.40","388"
"1110628","5016","松和","0","0","0","0.00","32.40","776","34.00","27"
"1110628","5102","富強","0","0","0","0.00","24.50","2199","24.85","1143"
"1110628","5201","凱衛","0","0","0","0.00","28.20","2894","28.30","1599"
"1110628","5202","力新","0","0","0","0.00","18.00","3192","18.20","1863"
"1110628","5205","中茂","160","1","3776","23.60","23.60","2139","23.70","1447"
"1110628","5206","坤悅","0","0","0","0.00","13.70","1199","13.80","1285"
"1110628","5209","新鼎","17","2","1228","72.30","72.30","1336","73.20","714"
"1110628","5210","寶碩","201","5","4198","20.90","20.90","3529","21.00","823"
"1110628","5211","蒙恬","0","0","0","0.00","17.00","4095","17.15","664"
"1110628","5212","凌網","0","0","0","0.00","46.00","1699","46.70","273"
"1110628","5213","亞昕","54","2","1246","23.10","23.10","3752","23.25","1191"
"1110628","5220","萬達光電","0","0","0","0.00","33.15","1199","33.75","177"
"1110628","5223","安力-KY","0","0","0","0.00","47.25","1199","50.00","390"
"1110628","5227","立凱-KY","900","11","64437","71.60","71.60","4725","72.00","1122"
"1110628","5228","鈺鎧","50","1","1105","22.10","22.05","1822","22.10","986"
"1110628","5230","雷笛克光學","0","0","0","0.00","23.05","1700","23.10","102"
"1110628","5236","凌陽創新","246","2","25707","104.50","104.50","1548","108.50","137"
"1110628","5245","智晶","551","5","39121","71.00","70.60","2229","71.00","932"
"1110628","5251","天鉞電","230","6","3689","16.05","16.00","1749","16.05","376"
"1110628","5263","智崴","101","3","11312","112.00","110.50","2701","112.00","444"
"1110628","5272","笙科","245","2","9187","37.50","37.50","4093","37.65","1205"
"1110628","5274","信驊","277","10","594165","2145.00","2145.00","646","2160.00","373"
"1110628","5276","達輝-KY","32","1","475","14.85","14.70","1199","14.85","2312"
"1110628","5278","尚凡","0","0","0","0.00","234.00","1356","242.50","14"
"1110628","5281","大峽谷-KY","0","0","0","0.00","19.00","1199","0.00","0"
"1110628","5287","數字","0","0","0","0.00","200.00","1469","200.50","428"
"1110628","5289","宜鼎","11","1","1864","169.50","169.50","2814","175.50","2004"
"1110628","5291","邑昇","0","0","0","0.00","37.60","2704","37.70","665"
"1110628","5299","杰力","0","0","0","0.00","155.00","6794","157.00","478"
"1110628","5301","寶得利","0","0","0","0.00","11.95","810","12.65","79"
"1110628","5302","太欣","0","0","0","0.00","9.94","2253","10.00","579"
"1110628","5309","系統電","1709","20","75617","44.25","44.25","2890","44.30","838"
"1110628","5310","天剛","0","0","0","0.00","26.50","800","27.35","1836"
"1110628","5312","寶島科","0","0","0","0.00","63.10","2795","63.50","1087"
"1110628","5314","世紀","2","2","8","4.49","4.49","1","0.00","0"
"1110628","5315","光聯","95","3","1642","17.30","17.25","1726","17.30","654"
"1110628","5321","美而快","1015","9","101296","99.80","99.80","7372","102.50","929"
"1110628","5324","士開","22","1","202","9.19","9.19","1377","9.28","1138"
"1110628","5328","華容","0","0","0","0.00","10.15","2511","10.30","1342"
"1110628","5340","建榮","0","0","0","0.00","29.80","2675","29.85","817"
"1110628","5344","立衛","833","10","17992","21.60","21.50","1199","21.60","352"
"1110628","5345","天揚","0","0","0","0.00","0.00","0","5.78","483"
"1110628","5347","世界","481","16","39870","82.90","82.90","8971","83.60","5035"
"1110628","5348","系通","250","2","2374","9.50","9.50","1004","10.00","185"
"1110628","5351","鈺創","280","12","16657","59.50","59.50","3860","59.60","2166"
"1110628","5353","台林","0","0","0","0.00","23.15","524700","0.00","0"
"1110628","5355","佳總","11","3","68","6.31","6.23","5194","6.31","1400"
"1110628","5356","協益","0","0","0","0.00","23.35","2199","23.55","1466"
"1110628","5364","力麗店","0","0","0","0.00","20.30","1299","20.40","2269"
"1110628","5371","中光電","105","3","5985","57.00","56.60","5891","57.00","4421"
"1110628","5381","合正","957","2","5474","5.72","5.72","642","5.88","370"
"1110628","5383","金利","311","4","9592","30.85","30.85","1940","31.00","1132"
"1110628","5386","青雲","30","3","1029","34.35","34.35","1212","34.70","688"
"1110628","5392","能率","1232","26","24814","20.15","20.10","3054","20.15","639"
"1110628","5398","慕康生醫","0","0","0","0.00","18.90","1846","19.05","807"
"1110628","5403","中菲","0","0","0","0.00","70.60","2562","70.70","1285"
"1110628","5410","國眾","0","0","0","0.00","25.20","2191","25.30","641"
"1110628","5425","台半","1172","15","98677","84.20","84.20","6724","88.40","12"
"1110628","5426","振發","542","6","5962","11.00","10.95","3114","11.00","115"
"1110628","5432","新門","10","1","383","38.30","37.95","3014","38.30","1120"
"1110628","5438","東友","3","3","42","14.55","14.55","3660","14.70","889"
"1110628","5439","高技","977","6","42988","44.00","44.00","1852","44.50","1385"
"1110628","5443","均豪","0","0","0","0.00","26.80","3767","26.85","1440"
"1110628","5450","南良","10","1","173","17.35","17.20","3734","17.35","1837"
"1110628","5452","佶優","454","8","7056","15.55","15.50","2698","15.55","1208"
"1110628","5455","昇益","1","1","25","25.75","25.75","3646","27.50","1358"
"1110628","5457","宣德","0","0","0","0.00","55.80","2914","56.10","503"
"1110628","5460","同協","145","2","1754","12.10","12.00","2199","12.10","1868"
"1110628","5464","霖宏","0","0","0","0.00","25.60","3925763","0.00","0"
"1110628","5465","富驊","0","0","0","0.00","15.80","1399","15.95","1883"
"1110628","5468","凱鈺","70","1","1977","28.25","28.25","2366","28.55","1056"
"1110628","5474","聰泰","600","8","48298","80.50","80.50","4462","80.80","2047"
"1110628","5475","德宏","1350","7","22543","16.70","16.70","531079","0.00","0"
"1110628","5478","智冠","0","0","0","0.00","79.00","4009","80.00","1249"
"1110628","5481","新華","137","2","1650","12.05","12.05","3334","12.40","465"
"1110628","5483","中美晶","552","9","81696","148.00","147.50","10010","148.00","1494"
"1110628","5487","通泰","0","0","0","0.00","30.15","1805","30.45","2154"
"1110628","5488","松普","122","2","1072","8.80","8.80","4974","8.85","1350"
"1110628","5489","彩富","0","0","0","0.00","34.20","700","34.75","2723"
"1110628","5490","同亨","0","0","0","0.00","26.00","4076","26.10","85"
"1110628","5493","三聯","0","0","0","0.00","48.00","2538","48.45","1702"
"1110628","5498","凱崴","182","1","1892","10.40","10.40","3794","10.50","1547"
"1110628","5508","永信建","410","8","28164","68.70","68.70","6309","69.10","252"
"1110628","5511","德昌","311","1","9454","30.40","30.40","2387","30.75","815"
"1110628","5512","力麒","1010","4","8786","8.70","8.70","2783","8.76","145"
"1110628","5514","三豐","0","0","0","0.00","18.70","1626","18.95","1839"
"1110628","5516","雙喜","0","0","0","0.00","17.30","1016","17.45","1223"
"1110628","5520","力泰","0","0","0","0.00","55.70","3682","56.50","239"
"1110628","5523","豐謙","200","2","5579","27.90","27.90","1677","28.55","1527"
"1110628","5529","鉅陞","0","0","0","0.00","14.20","3445","14.35","3821"
"1110628","5530","龍巖","0","0","0","0.00","43.25","3208","43.30","705"
"1110628","5536","聖暉","105","7","21105","201.00","191.50","8047","201.00","1712"
"1110628","5543","桓鼎-KY","0","0","0","0.00","57.10","3167","57.70","620"
"1110628","5601","台聯櫃","0","0","0","0.00","36.80","1124","37.45","909"
"1110628","5603","陸海","130","5","5250","40.40","39.20","1833","40.40","2213"
"1110628","5604","中連","1","1","63","63.50","63.50","3085","65.80","30"
"1110628","5609","中菲行","1160","13","86186","74.30","74.30","3894","75.10","139"
"1110628","5701","劍湖山","1150","7","3460","3.01","3.01","1475","3.14","1740"
"1110628","5703","亞都","0","0","0","0.00","18.70","1249","19.05","6"
"1110628","5704","老爺知","0","0","0","0.00","34.30","2700","34.95","188"
"1110628","5820","日盛金","1812","9","22012","12.15","12.15","3026610","12.20","16432"
"1110628","5864","致和證","200","3","2299","11.50","11.45","5454","11.50","2284"
"1110628","5878","台名","0","0","0","0.00","47.00","1557","47.40","402"
"1110628","5902","德記","0","0","0","0.00","26.90","1011","27.00","265"
"1110628","5903","全家","30","1","5730","191.00","188.50","2656","191.00","2369"
"1110628","5904","寶雅","554","32","174510","315.00","315.00","1584","315.50","2692"
"1110628","5905","南仁湖","0","0","0","0.00","12.65","2032","13.05","2573"
"1110628","6015","宏遠證","378","6","5103","13.50","13.50","3431","13.60","1126"
"1110628","6016","康和證","943","7","12114","12.85","12.85","5453","12.95","996"
"1110628","6020","大展證","50","1","940","18.80","18.80","2270","18.95","1563"
"1110628","6021","美好證","0","0","0","0.00","20.20","1699","20.50","1170"
"1110628","6023","元大期","110","3","5131","46.65","46.65","2298","46.80","1768"
"1110628","6026","福邦證","679","4","11066","16.30","16.30","5358","16.35","1634"
"1110628","6101","寬魚國際","35","2","673","19.25","19.10","1199","19.25","1714"
"1110628","6103","合邦","0","0","0","0.00","5.49","2","5.80","999"
"1110628","6104","創惟","1963","32","294450","150.00","149.50","4405","150.00","1844"
"1110628","6109","亞元","611","3","7972","13.05","13.00","5841","13.05","1510"
"1110628","6111","大宇資","62","1","5022","81.00","81.00","3560","81.80","377"
"1110628","6113","亞矽","105","3","2088","19.90","19.85","1204","19.90","1070"
"1110628","6114","久威","2","1","47","23.80","23.60","3700","23.80","650"
"1110628","6118","建達","725","9","20841","28.75","28.75","3900","29.00","95"
"1110628","6121","新普","660","6","180180","273.00","272.00","9271","273.00","6236"
"1110628","6122","擎邦","150","2","2565","17.10","17.10","3698","17.15","960"
"1110628","6123","上奇","220","3","11506","52.30","52.30","3915","52.50","1965"
"1110628","6124","業強","0","0","0","0.00","24.30","700","24.50","1510"
"1110628","6125","廣運","4066","27","124613","30.65","30.55","6030","30.65","1480"
"1110628","6126","信音","0","0","0","0.00","21.10","3814","21.90","45"
"1110628","6127","九豪","1","1","19","19.00","18.80","1951","19.00","471"
"1110628","6129","普誠","356","7","12104","34.00","34.00","9969","34.20","299"
"1110628","6130","星寶國際","106","1","4876","46.00","46.00","1660","46.80","2396"
"1110628","6134","萬旭","0","0","0","0.00","24.95","2936","25.30","2899"
"1110628","6138","茂達","31","3","4851","156.50","156.50","4823","158.00","451"
"1110628","6140","訊達","351","4","6669","19.00","18.75","3690","19.00","900"
"1110628","6143","振曜","724","7","43944","60.70","60.50","3793","60.70","1205"
"1110628","6144","得利影","1","1","14","14.25","14.25","1694","14.45","1717"
"1110628","6146","耕興","200","3","35600","178.00","176.50","4983","178.00","2821"
"1110628","6147","頎邦","558","7","35712","64.00","64.00","8721","65.50","540"
"1110628","6148","驊宏資","0","0","0","0.00","12.50","3604","12.60","523"
"1110628","6150","撼訊","20","1","1610","80.50","80.50","3142","82.20","93"
"1110628","6151","晉倫","50","1","1300","26.00","26.00","2704","26.25","342"
"1110628","6154","順發","0","0","0","0.00","16.95","1628","17.05","1499"
"1110628","6156","松上","651","2","10904","16.75","16.75","5169","16.90","1235"
"1110628","6158","禾昌","0","0","0","0.00","30.70","2645","30.80","1413"
"1110628","6160","欣技","0","0","0","0.00","14.00","1699","14.60","999"
"1110628","6161","捷波","50","1","1312","26.25","26.25","2948","26.65","785"
"1110628","6163","華電網","6","1","89","14.85","14.85","3722","14.90","1425"
"1110628","6167","久正","294","2","3733","12.70","12.60","5286","12.70","1022"
"1110628","6169","昱泉","0","0","0","0.00","20.80","1044","21.00","619"
"1110628","6170","統振","392","6","11444","29.20","29.20","2654","29.65","1708"
"1110628","6171","大城地產","0","0","0","0.00","28.90","2299","29.00","1088"
"1110628","6173","信昌電","1","1","44","44.45","42.70","4530","44.45","375"
"1110628","6174","安碁","516","5","14291","27.70","27.70","2027","27.80","1361"
"1110628","6175","立敦","0","0","0","0.00","34.45","1844","34.75","31"
"1110628","6179","亞通","70","3","1946","27.80","27.80","3834","27.85","1274"
"1110628","6180","橘子","0","0","0","0.00","65.20","6074","65.70","1460"
"1110628","6182","合晶","798","7","41097","51.50","51.50","11065","52.30","3374"
"1110628","6185","幃翔","636","7","8235","12.95","12.95","2745","13.05","329"
"1110628","6186","新潤","0","0","0","0.00","26.65","3648","27.40","196"
"1110628","6187","萬潤","100","3","8600","86.00","86.00","5772","86.10","1486"
"1110628","6188","廣明","1","1","39","39.65","38.25","5109","39.65","495"
"1110628","6190","萬泰科","390","2","14000","35.90","35.90","2366","36.45","502"
"1110628","6194","育富","0","0","0","0.00","21.75","3197","21.95","4868"
"1110628","6195","詩肯","189","3","9317","49.30","49.30","2966","51.50","81"
"1110628","6198","凌泰","0","0","0","0.00","32.00","2131","33.75","1293"
"1110628","6199","天品","517","4","14993","29.00","28.35","2284","29.00","804"
"1110628","6203","海韻電","0","0","0","0.00","56.00","3312","57.20","103"
"1110628","6204","艾華","203","5","10057","49.55","49.45","1751","49.55","401"
"1110628","6207","雷科","2","1","54","27.40","27.35","4009","27.40","974"
"1110628","6208","日揚","0","0","0","0.00","47.10","5837","47.55","2169"
"1110628","6210","慶生","0","0","0","0.00","0.00","0","0.00","0"
"1110628","6212","理銘","0","0","0","0.00","51.50","1759","52.00","2043"
"1110628","6217","中探針","3874","23","252970","65.30","65.30","4647","65.50","2182"
"1110628","6218","豪勉","55","1","1061","19.30","19.20","1334","19.30","1404"
"1110628","6219","富旺","130","4","1773","13.65","13.60","2149","13.65","1323"
"1110628","6220","岳豐","1","1","23","23.80","23.50","3698","23.80","2170"
"1110628","6221","晉泰","80","1","3680","46.00","45.70","2818","46.00","1463"
"1110628","6222","上揚","0","0","0","0.00","13.95","2000","14.20","812"
"1110628","6223","旺矽","69","3","6279","91.00","91.00","8636","91.80","1490"
"1110628","6227","茂綸","0","0","0","0.00","38.35","2437","38.90","1852"
"1110628","6228","全譜","300","1","4260","14.20","14.10","1709","14.20","550"
"1110628","6229","研通","115","2","3542","30.80","30.70","3143","30.80","161"
"1110628","6231","系微","0","0","0","0.00","78.00","4788","81.00","37"
"1110628","6233","旺玖","1","1","25","25.00","24.85","4161","25.00","783"
"1110628","6234","高僑","18","1","343","19.10","19.10","5694","19.15","2154"
"1110628","6236","康呈","0","0","0","0.00","0.00","0","0.00","0"
"1110628","6237","驊訊","269","8","14685","54.60","54.30","6760","54.60","622"
"1110628","6240","松崗","0","0","0","0.00","19.75","1700","20.35","929"
"1110628","6241","易通展","86","4","1909","22.20","22.20","1224","22.45","731"
"1110628","6242","立康","0","0","0","0.00","50.40","6139","50.50","722"
"1110628","6244","茂迪","1185","6","35905","30.30","30.30","21904","30.45","2146"
"1110628","6245","立端","3727","22","247093","66.30","66.10","5698","66.30","5831"
"1110628","6246","臺龍","0","0","0","0.00","14.20","1199","14.60","572"
"1110628","6247","淇譽電","54","1","556","10.30","10.25","2285","10.30","550"
"1110628","6248","沛波","108","4","2164","20.05","19.95","1882","20.05","2204"
"1110628","6259","百徽","696","1","21889","31.45","31.45","3116638","0.00","0"
"1110628","6261","久元","150","5","10169","67.80","67.50","3443","67.80","1110"
"1110628","6263","普萊德","923","11","69590","75.40","75.40","4587","79.10","13"
"1110628","6264","富裔","25","1","216","8.66","8.66","2090","8.69","1032"
"1110628","6265","方土昶","0","0","0","0.00","11.90","2778","12.25","577"
"1110628","6266","泰詠","1665","7","36045","21.65","21.20","6200","21.65","1482"
"1110628","6270","倍微","0","0","0","0.00","23.85","7292","24.20","343"
"1110628","6274","台燿","0","0","0","0.00","59.50","6466","60.00","3478"
"1110628","6275","元山","1","1","33","33.00","33.00","4844","33.20","208"
"1110628","6276","安鈦克","75","2","1275","17.00","16.90","2229","17.00","711"
"1110628","6279","胡連","340","8","44540","131.00","130.50","3600","131.00","516"
"1110628","6284","佳邦","200","2","9970","49.85","49.75","4208","50.30","69"
"1110628","6287","元隆","0","0","0","0.00","7.82","424","0.00","0"
"1110628","6290","良維","0","0","0","0.00","52.90","3404","54.00","124"
"1110628","6291","沛亨","0","0","0","0.00","49.60","1700","49.90","2083"
"1110628","6292","迅德","0","0","0","0.00","48.40","1261","50.60","66"
"1110628","6294","智基","0","0","0","0.00","98.10","1968","103.00","111"
"1110628","6404","通訊-KY","0","0","0","0.00","17.50","233","18.50","60"
"1110628","6411","晶焱","428","3","50932","119.00","119.00","6242","121.00","770"
"1110628","6417","韋僑","0","0","0","0.00","70.30","1000","77.50","629"
"1110628","6418","詠昇","0","0","0","0.00","15.00","3231","15.60","65"
"1110628","6419","京晨科","0","0","0","0.00","30.20","1199","30.40","1449"
"1110628","6425","易發","0","0","0","0.00","21.80","1364","22.00","1365"
"1110628","6432","今展科","10","1","284","28.40","27.90","1199","28.40","422"
"1110628","6435","大中","150","2","20250","135.00","134.00","2403","135.00","478"
"1110628","6441","廣錠","0","0","0","0.00","40.20","3268","42.20","112"
"1110628","6446","藥華藥","1965","26","978570","498.00","498.00","6276","499.00","698"
"1110628","6457","紘康","0","0","0","0.00","89.90","2630","91.60","32"
"1110628","6461","益得","1924","23","52328","27.20","27.10","5565","27.20","984"
"1110628","6462","神盾","0","0","0","0.00","94.00","3806","94.50","155"
"1110628","6465","威潤","11","1","209","19.05","18.80","1307","19.05","585"
"1110628","6469","大樹","1624","35","495320","305.00","305.00","6934","306.00","480"
"1110628","6470","宇智","2967","15","203532","68.60","68.50","2199","68.60","2353"
"1110628","6472","保瑞","1558","16","370804","238.00","238.00","7547","240.00","1959"
"1110628","6482","弘煜科","0","0","0","0.00","42.70","1199","43.75","931"
"1110628","6485","點序","42","5","3773","89.90","89.90","4569","90.40","340"
"1110628","6486","互動","387","2","25503","65.90","65.50","5617","65.90","1196"
"1110628","6488","環球晶","1954","76","969184","496.00","495.50","7813","496.00","741"
"1110628","6492","生華科","17","1","1224","72.00","71.80","3506","72.00","877"
"1110628","6494","九齊","311","4","29606","95.20","94.60","2266","95.20","1116"
"1110628","6496","科懋","18","2","504","28.05","28.05","1059","28.15","1317"
"1110628","6499","益安","509","2","37157","73.00","73.00","2840","73.20","156"
"1110628","6506","雙邦","120","3","2537","21.15","21.05","3799","21.15","1936"
"1110628","6508","惠光","150","1","6000","40.00","38.80","1987","40.00","951"
"1110628","6509","聚和","952","7","40078","42.10","42.10","2501","42.40","503"
"1110628","6510","精測","13","6","5655","435.00","424.50","5616","435.00","2104"
"1110628","6512","啟發電","0","0","0","0.00","18.80","1249","19.15","419"
"1110628","6514","芮特-KY","0","0","0","0.00","67.10","1648","67.80","1416"
"1110628","6516","勤崴國際","236","4","19563","82.90","82.90","3852","83.70","531"
"1110628","6523","達爾膚","150","3","12750","85.00","85.00","2940","85.10","485"
"1110628","6527","明達醫","0","0","0","0.00","46.00","1309","46.25","447"
"1110628","6530","創威","0","0","0","0.00","19.75","1199","20.10","421"
"1110628","6532","瑞耘","0","0","0","0.00","44.30","2134","44.60","482"
"1110628","6535","順藥","0","0","0","0.00","35.80","2858","35.95","1911"
"1110628","6538","倉和","59","2","4318","73.20","73.00","4295","73.20","2099"
"1110628","6542","隆中","0","0","0","0.00","57.60","3365","58.50","264"
"1110628","6546","正基","610","11","74113","121.50","121.50","1565","122.00","555"
"1110628","6547","高端疫苗","1446","29","299322","207.00","207.00","10619","207.50","202"
"1110628","6548","長科*","0","0","0","0.00","78.90","2871","84.00","82"
"1110628","6556","勝品","0","0","0","0.00","59.20","2139","60.00","1590"
"1110628","6560","欣普羅","8","1","433","54.20","54.20","3725","56.00","662"
"1110628","6561","是方","3","1","883","294.50","289.00","4251","294.50","829"
"1110628","6568","宏觀","0","0","0","0.00","149.50","6421","150.00","67"
"1110628","6569","醫揚","14","1","1463","104.50","103.00","3241","104.50","1524"
"1110628","6570","維田","30","2","1178","39.30","39.30","3185","39.75","990"
"1110628","6574","霈方","499","1","24550","49.20","49.20","700","49.40","765"
"1110628","6576","逸達","410","4","52890","129.00","128.50","2330","129.00","2233"
"1110628","6577","勁豐","0","0","0","0.00","61.80","4197","64.40","219"
"1110628","6578","達邦蛋白","0","0","0","0.00","18.45","5050","18.60","957"
"1110628","6588","東典光電","4","4","152","38.00","37.85","1300","38.00","461"
"1110628","6589","台康生技","332","11","29880","90.00","90.00","5178","90.30","1852"
"1110628","6590","普鴻","49","1","2724","55.60","55.60","3149","58.90","113"
"1110628","6593","台灣銘板","0","0","0","0.00","0.00","0","36.60","124"
"1110628","6594","展匯科","0","0","0","0.00","34.85","2198","35.35","1067"
"1110628","6596","寬宏藝術","20","1","910","45.50","44.90","1287","45.50","467"
"1110628","6603","富強鑫","129","3","2211","17.15","17.10","4237","17.15","1643"
"1110628","6609","瀧澤科","353","2","12143","34.40","34.40","2973","35.00","128"
"1110628","6612","奈米醫材","0","0","0","0.00","77.70","2448","78.00","183"
"1110628","6613","朋億","0","0","0","0.00","165.00","4903","168.50","6"
"1110628","6615","慧智","0","0","0","0.00","45.10","1254","45.55","349"
"1110628","6616","特昇-KY","150","3","2625","17.50","17.50","1337","17.70","591"
"1110628","6624","萬年清","0","0","0","0.00","40.60","1199","40.90","642"
"1110628","6629","泰金-KY","0","0","0","0.00","56.30","2198","57.40","1065"
"1110628","6640","均華","0","0","0","0.00","0.00","0","97.50","11"
"1110628","6642","富致","0","0","0","0.00","57.40","3197","58.30","159"
"1110628","6643","M31","20","2","5140","257.00","256.50","3245","257.00","837"
"1110628","6649","台生材","420","5","11717","27.90","27.90","2524","28.10","2770"
"1110628","6651","全宇昕","0","0","0","0.00","80.00","1299","81.40","13"
"1110628","6654","天正國際","0","0","0","0.00","56.70","2313","57.10","57"
"1110628","6661","威健生技","0","0","0","0.00","22.30","200","22.75","78"
"1110628","6662","樂斯科","0","0","0","0.00","29.80","1299","30.20","80"
"1110628","6664","群翊","0","0","0","0.00","81.40","3675","83.00","523"
"1110628","6667","信紘科","0","0","0","0.00","68.20","4150","69.00","1199"
"1110628","6679","鈺太","100","4","22949","229.50","229.50","3230","231.00","108"
"1110628","6680","鑫創電子","0","0","0","0.00","50.50","2298","51.50","730"
"1110628","6683","雍智科技","50","1","11050","221.00","221.00","2580","225.50","288"
"1110628","6684","安格","0","0","0","0.00","88.00","6345","88.50","145"
"1110628","6690","安碁資訊","0","0","0","0.00","97.00","3191","100.00","160"
"1110628","6693","廣閎科","49","2","4998","102.00","102.00","1430","105.50","1010"
"1110628","6697","東捷資訊","0","0","0","0.00","35.65","1531","0.00","0"
"1110628","6703","軒郁","632","7","62693","99.20","99.20","2059","99.60","1010"
"1110628","6712","長聖","2581","19","459418","178.00","178.00","8422","178.50","1142"
"1110628","6716","應廣","10","1","1270","127.00","124.50","2466","127.00","311"
"1110628","6721","信實","0","0","0","0.00","52.90","50","53.80","909"
"1110628","6727","亞泰金屬","0","0","0","0.00","67.30","1299","68.00","481"
"1110628","6728","上洋","0","0","0","0.00","141.00","1255","144.00","1157"
"1110628","6732","昇佳電子","278","16","74918","269.50","269.00","5607","269.50","3081"
"1110628","6733","博晟生醫","0","0","0","0.00","22.60","1299","22.85","146"
"1110628","6735","美達科技","0","0","0","0.00","74.90","594","77.10","12"
"1110628","6741","91APP*-KY","0","0","0","0.00","126.00","3977","126.50","512"
"1110628","6747","亨泰光","18","2","4140","230.00","229.50","1351","230.00","1009"
"1110628","6751","智聯服務","88","2","3651","41.50","40.90","1201","41.50","504"
"1110628","6752","叡揚","0","0","0","0.00","56.00","1199","57.00","819"
"1110628","6761","穩得","20","1","1942","97.10","97.10","1278","98.00","272"
"1110628","6762","達亞","0","0","0","0.00","212.00","1260","220.50","4"
"1110628","6763","綠界科技","234","3","109980","470.00","465.50","855","470.00","949"
"1110628","6767","台微醫","0","0","0","0.00","29.40","734","29.45","195"
"1110628","6788","華景電","0","0","0","0.00","128.50","1467","129.50","104"
"1110628","6803","崑鼎","484","31","121968","252.00","252.00","6373","252.50","659"
"1110628","6804","明係","0","0","0","0.00","0.00","0","55.20","19"
"1110628","6829","千附精密","596","6","43625","73.20","73.20","1443","79.20","13"
"1110628","7402","邑錡","0","0","0","0.00","50.10","2099","51.00","1265"
"1110628","7556","意德士","120","1","14400","120.00","120.00","1280","122.00","66"
"1110628","8024","佑華","0","0","0","0.00","22.20","8067","23.00","171"
"1110628","8027","鈦昇","0","0","0","0.00","67.20","5226","67.90","1158"
"1110628","8032","光菱","0","0","0","0.00","31.40","3290","31.50","671"
"1110628","8034","榮群","80","1","1176","14.70","14.70","3376","15.00","324"
"1110628","8038","長園科","0","0","0","0.00","39.70","4483","39.95","723"
"1110628","8040","九暘","0","0","0","0.00","44.85","6428","45.00","1097"
"1110628","8042","金山電","361","16","13931","38.60","38.60","2804","38.80","585"
"1110628","8043","蜜望實","0","0","0","0.00","24.20","5710","24.30","1188"
"1110628","8044","網家","400","5","28439","71.10","71.10","4585","71.40","2565"
"1110628","8047","星雲","0","0","0","0.00","13.75","2932","13.85","1789"
"1110628","8048","德勝","1444","10","50972","35.30","35.30","2803","35.45","1333"
"1110628","8049","晶采","10","1","251","25.10","24.95","1792","25.10","1316"
"1110628","8050","廣積","9439","57","552168","58.50","58.50","1165","58.60","7986"
"1110628","8054","安國","99","3","3641","36.80","36.80","2009","38.50","24"
"1110628","8059","凱碩","28","1","287","10.25","10.10","1699","10.25","736"
"1110628","8064","東捷","116","1","2024","17.45","17.35","7896","17.45","979"
"1110628","8066","來思達","0","0","0","0.00","27.45","2170","28.45","1032"
"1110628","8067","志旭","0","0","0","0.00","8.36","1700","8.80","1273"
"1110628","8068","全達","11","1","319","29.05","28.95","2698","29.05","914"
"1110628","8069","元太","2666","67","546530","205.00","204.50","3819","205.00","1742"
"1110628","8071","能率網通","43","1","733","17.05","17.05","2885","17.20","200"
"1110628","8074","鉅橡","50","1","960","19.20","19.20","3445","19.35","2325"
"1110628","8076","伍豐","641","8","17948","28.00","28.00","4015","28.25","1181"
"1110628","8077","洛碁","222","1","2208","9.95","0.00","0","9.95","194"
"1110628","8080","永利聯合","443","4","5403","12.20","12.20","1352","0.00","0"
"1110628","8083","瑞穎","0","0","0","0.00","176.50","2480","178.50","176"
"1110628","8084","巨虹","3","2","261","87.00","87.00","727","90.40","211"
"1110628","8085","福華","692","5","12594","18.20","18.20","2921","18.30","1867"
"1110628","8086","宏捷科","130","3","10971","84.40","84.40","7960","84.90","437"
"1110628","8087","華鎂鑫","0","0","0","0.00","37.05","1513","37.25","182"
"1110628","8088","品安","0","0","0","0.00","20.10","5875","20.15","991"
"1110628","8089","康全電訊","0","0","0","0.00","21.95","2498","22.50","86"
"1110628","8091","翔名","64","2","4786","74.80","74.70","2991","74.80","998"
"1110628","8092","建暐","0","0","0","0.00","11.10","503699","0.00","0"
"1110628","8093","保銳","0","0","0","0.00","7.15","1339","7.20","868"
"1110628","8096","擎亞","300","3","4155","13.85","13.80","5888","13.85","2109"
"1110628","8097","常珵","10","1","778","77.80","77.30","2226","77.80","193"
"1110628","8099","大世科","0","0","0","0.00","38.00","1699","38.60","938"
"1110628","8107","大億金茂","0","0","0","0.00","17.55","5330","17.80","1325"
"1110628","8109","博大","0","0","0","0.00","72.10","1249","72.90","605"
"1110628","8111","立碁","952","9","17800","18.70","18.60","2698","18.70","740"
"1110628","8121","越峰","165","2","5280","32.00","32.00","2069","34.00","3391"
"1110628","8147","正淩","0","0","0","0.00","55.00","3651","55.50","1358"
"1110628","8155","博智","103","4","12875","125.00","125.00","2230","125.50","856"
"1110628","8171","天宇","100","1","4630","46.30","46.00","2348","46.30","1950"
"1110628","8176","智捷","118","2","1090","9.24","9.22","3894","9.24","1895"
"1110628","8182","加高","10","1","422","42.20","42.20","2784","42.50","658"
"1110628","8183","精星","353","6","21603","61.20","61.00","2802","61.20","484"
"1110628","8234","新漢","200","1","5230","26.15","26.15","2498","26.50","2557"
"1110628","8240","華宏","0","0","0","0.00","27.70","3522","27.90","142"
"1110628","8255","朋程","353","9","60891","172.50","171.00","5707","172.50","579"
"1110628","8277","商丞","0","0","0","0.00","9.80","2719","9.85","1192"
"1110628","8279","生展","0","0","0","0.00","123.50","1276","125.00","2414"
"1110628","8284","三竹","0","0","0","0.00","51.20","2405","52.00","1019"
"1110628","8289","泰藝","0","0","0","0.00","34.00","3310","34.50","433"
"1110628","8291","尚茂","0","0","0","0.00","0.00","0","6.33","2"
"1110628","8299","群聯","2341","43","657821","281.00","281.00","9836","282.00","1227"
"1110628","8342","益張","0","0","0","0.00","49.60","1199","50.10","141"
"1110628","8349","恒耀","0","0","0","0.00","56.00","2198","57.00","1349"
"1110628","8349A","恒耀甲特","687","3","31498","45.85","45.85","2411","46.75","1998"
"1110628","8354","冠好","0","0","0","0.00","14.80","2199","15.00","4319"
"1110628","8358","金居","15","1","733","48.90","48.65","5464","48.90","1276"
"1110628","8383","千附","20","2","764","38.25","38.25","2753","38.30","758"
"1110628","8390","金益鼎","327","7","9842","30.10","30.10","2596","30.30","2963"
"1110628","8401","白紗科","0","0","0","0.00","16.60","2660","16.80","164"
"1110628","8403","盛弘","4212","32","139617","33.15","33.15","5795","33.20","4596"
"1110628","8409","商之器","999","3","24975","25.00","25.00","2211","25.50","211"
"1110628","8410","森田","0","0","0","0.00","28.90","1699","29.30","294"
"1110628","8415","大國鋼","0","0","0","0.00","34.90","5202","35.25","763"
"1110628","8416","實威","0","0","0","0.00","120.00","40","127.50","8"
"1110628","8418","捷必勝-KY","0","0","0","0.00","0.00","0","10.45","102"
"1110628","8420","明揚","0","0","0","0.00","51.70","3197","52.30","565"
"1110628","8421","旭源","768","8","14974","19.50","19.50","503788","0.00","0"
"1110628","8423","保綠-KY","0","0","0","0.00","17.95","162","18.60","752"
"1110628","8424","惠普","0","0","0","0.00","69.50","1742","69.90","469"
"1110628","8426","紅木-KY","1","1","13","13.95","13.75","1199","13.95","1174"
"1110628","8431","匯鑽科","1","1","57","57.00","56.40","4194","57.00","289"
"1110628","8432","東生華","200","1","8310","41.55","41.00","3769","41.55","393"
"1110628","8433","弘帆","0","0","0","0.00","50.60","1714","50.70","925"
"1110628","8435","鉅邁","96","3","5808","60.50","60.40","1546","60.50","219"
"1110628","8436","大江","486","10","78000","160.50","160.00","3416","160.50","2152"
"1110628","8437","大地-KY","225","5","26886","119.50","119.00","1574","119.50","1034"
"1110628","8440","綠電","259","3","15746","60.80","60.80","4851","61.40","1789"
"1110628","8444","綠河-KY","0","0","0","0.00","48.15","2198","49.05","206"
"1110628","8446","華研","750","4","55049","73.40","73.40","567","74.80","943"
"1110628","8450","霹靂","568","6","16498","29.05","29.05","3638","29.15","1087"
"1110628","8455","大拓-KY","0","0","0","0.00","21.45","1199","21.85","792"
"1110628","8472","夠麻吉","0","0","0","0.00","40.20","2997","46.65","23"
"1110628","8476","台境","283","2","16131","57.00","57.00","1915","57.40","1962"
"1110628","8477","創業家","300","1","7380","24.60","24.60","2208","24.80","1694"
"1110628","8489","三貝德","0","0","0","0.00","28.50","1647","28.75","1345"
"1110628","8905","裕國","0","0","0","0.00","22.50","3667","22.75","429"
"1110628","8906","花王","261","2","5037","19.30","19.30","1439","19.80","1136"
"1110628","8908","欣雄","0","0","0","0.00","83.30","3271","83.50","63"
"1110628","8916","光隆","0","0","0","0.00","43.70","2670","45.75","23"
"1110628","8916A","光隆甲特","0","0","0","0.00","49.55","3198","50.40","1242"
"1110628","8917","欣泰","0","0","0","0.00","91.00","729","95.50","11"
"1110628","8921","沈氏","0","0","0","0.00","15.25","1699","15.55","1390"
"1110628","8923","時報","0","0","0","0.00","20.55","994","21.00","1969"
"1110628","8924","大田","3","1","343","114.50","114.50","2155","117.00","1059"
"1110628","8927","北基","0","0","0","0.00","35.85","2196","36.35","1301"
"1110628","8928","鉅明","150","1","6900","46.00","45.70","3089","46.00","1515"
"1110628","8929","富堡","0","0","0","0.00","20.30","2521","20.45","1504"
"1110628","8930","青鋼","0","0","0","0.00","15.05","1639","15.10","458"
"1110628","8931","大汽電","36","3","1091","30.35","30.30","3232","30.35","547"
"1110628","8932","宏大","0","0","0","0.00","24.95","1277","25.30","1608"
"1110628","8933","愛地雅","516","11","6291","12.20","12.20","4239","12.30","1298"
"1110628","8935","邦泰","45","2","530","11.80","11.70","2151","11.80","2709"
"1110628","8936","國統","331","15","6088","18.40","18.40","5879","18.45","1001"
"1110628","8937","合騏","0","0","0","0.00","13.85","2218","14.45","132"
"1110628","8938","明安","745","8","57886","77.70","77.70","2437","79.00","136"
"1110628","8941","關中","173","1","7127","41.20","41.00","2581","41.20","292"
"1110628","8942","森鉅","53","2","3381","63.80","63.80","1801","64.50","272"
"1110628","9949","琉園","999","8","19980","20.00","19.65","200","20.00","2426"
"1110628","9950","萬國通","0","0","0","0.00","13.45","674","13.90","50"
"1110628","9951","皇田","0","0","0","0.00","66.50","1299","67.30","2083"
"1110628","9960","邁達康","0","0","0","0.00","26.10","1199","26.55","316"
"1110628","9962","有益","837","4","11131","13.30","13.30","2443","13.45","452"
